-- Tabla Area
insert into area (id_area, area) values (1, 'tecnologia');
insert into area (id_area, area) values (2, 'artesania');
insert into area (id_area, area) values (3, 'manufactura');
insert into area (id_area, area) values (4, 'mineria');
insert into area (id_area, area) values (5, 'social');
insert into area (id_area, area) values (6, 'urbana');
-- tipo cuenta
insert into tipo_cuenta (id_tipo_cuenta, tipo_cuenta) values (1, 'Red');
insert into tipo_cuenta (id_tipo_cuenta, tipo_cuenta) values (2, 'Fuscia');
insert into tipo_cuenta (id_tipo_cuenta, tipo_cuenta) values (3, 'Puce');
insert into tipo_cuenta (id_tipo_cuenta, tipo_cuenta) values (4, 'Goldenrod');
insert into tipo_cuenta (id_tipo_cuenta, tipo_cuenta) values (5, 'Khaki');
-- tabla tipo usuario
insert into tipo_usuario (id_tipo_usuario, tipo_usuario) values (1, 'emprendedor');
insert into tipo_usuario (id_tipo_usuario, tipo_usuario) values (2, 'donador');
-- tipo contrato
insert into tipo_contrato (id_tipo_contrato, tipo_contrato) values (1, 'basico');
insert into tipo_contrato (id_tipo_contrato, tipo_contrato) values (2, 'intermedio');
insert into tipo_contrato (id_tipo_contrato, tipo_contrato) values (3, 'avanzado');
-- tipo emprendimiento
insert into tipo_emprendimiento (id_tipo_emprendimiento, tipo_emprendimiento, id_area) values (1, 'basico', 1);
insert into tipo_emprendimiento (id_tipo_emprendimiento, tipo_emprendimiento, id_area) values (2, 'intermedio', 3);
insert into tipo_emprendimiento (id_tipo_emprendimiento, tipo_emprendimiento, id_area) values (3, 'avanzado', 1);
-- estado
insert into estado (id_estado, estado) values (1, null);
insert into estado (id_estado, estado) values (2, null);
insert into estado (id_estado, estado) values (3, null);
--contrato
insert into contrato (id_contrato, contrato, id_tipo_contrato) values (1, 'Nam ultrices, libero non mattis pulvinar, nulla pede ullamcorper augue, a suscipit nulla elit ac nulla. Sed vel enim sit amet nunc viverra dapibus. Nulla suscipit ligula in lacus.', 3);
insert into contrato (id_contrato, contrato, id_tipo_contrato) values (2, 'Nam ultrices, libero non mattis pulvinar, nulla pede ullamcorper augue, a suscipit nulla elit ac nulla. Sed vel enim sit amet nunc viverra dapibus. Nulla suscipit ligula in lacus.', 1);
insert into contrato (id_contrato, contrato, id_tipo_contrato) values (3, 'Proin leo odio, porttitor id, consequat in, consequat ut, nulla. Sed accumsan felis. Ut at dolor quis odio consequat varius.', 1);
insert into contrato (id_contrato, contrato, id_tipo_contrato) values (4, 'Nullam porttitor lacus at turpis. Donec posuere metus vitae ipsum. Aliquam non mauris.', 2);
insert into contrato (id_contrato, contrato, id_tipo_contrato) values (5, 'Duis bibendum, felis sed interdum venenatis, turpis enim blandit mi, in porttitor pede justo eu massa. Donec dapibus. Duis at velit eu est congue elementum.', 2);
insert into contrato (id_contrato, contrato, id_tipo_contrato) values (6, 'Sed ante. Vivamus tortor. Duis mattis egestas metus.', 2);
--fecha
insert into fecha (fecha, anio, mes, dia) values ('4/1/2021', 2020, 4, 29);
insert into fecha (fecha, anio, mes, dia) values ('4/2/2021', 2021, 1, 6);
insert into fecha (fecha, anio, mes, dia) values ('4/3/2021', 2021, 3, 9);
insert into fecha (fecha, anio, mes, dia) values ('4/4/2021', 2020, 4, 5);
insert into fecha (fecha, anio, mes, dia) values ('4/5/2021', 2020, 1, 27);
insert into fecha (fecha, anio, mes, dia) values ('4/6/2021', 2021, 4, 22);
insert into fecha (fecha, anio, mes, dia) values ('4/7/2021', 2020, 1, 30);
insert into fecha (fecha, anio, mes, dia) values ('4/8/2021', 2020, 6, 8);
insert into fecha (fecha, anio, mes, dia) values ('4/9/2021', 2021, 12, 25);
insert into fecha (fecha, anio, mes, dia) values ('4/10/2021', 2021, 6, 20);
insert into fecha (fecha, anio, mes, dia) values ('4/11/2021', 2021, 7, 22);
insert into fecha (fecha, anio, mes, dia) values ('4/12/2021', 2021, 5, 3);
insert into fecha (fecha, anio, mes, dia) values ('4/13/2021', 2020, 3, 3);
insert into fecha (fecha, anio, mes, dia) values ('4/14/2021', 2020, 10, 6);
insert into fecha (fecha, anio, mes, dia) values ('4/15/2021', 2020, 1, 9);
insert into fecha (fecha, anio, mes, dia) values ('4/16/2021', 2021, 1, 23);
insert into fecha (fecha, anio, mes, dia) values ('4/17/2021', 2020, 10, 19);
insert into fecha (fecha, anio, mes, dia) values ('4/18/2021', 2021, 9, 17);
insert into fecha (fecha, anio, mes, dia) values ('4/19/2021', 2020, 7, 4);
insert into fecha (fecha, anio, mes, dia) values ('4/20/2021', 2020, 2, 7);
-- imagen
insert into imagen (id_imagen, src_imagen, imagen) values (1, 'http://dummyimage.com/170x100.png/ff4444/ffffff', 'http://dummyimage.com/127x100.png/ff4444/ffffff');
insert into imagen (id_imagen, src_imagen, imagen) values (2, 'http://dummyimage.com/225x100.png/cc0000/ffffff', 'http://dummyimage.com/238x100.png/5fa2dd/ffffff');
insert into imagen (id_imagen, src_imagen, imagen) values (3, 'http://dummyimage.com/144x100.png/dddddd/000000', 'http://dummyimage.com/223x100.png/ff4444/ffffff');
insert into imagen (id_imagen, src_imagen, imagen) values (4, 'http://dummyimage.com/122x100.png/dddddd/000000', 'http://dummyimage.com/227x100.png/5fa2dd/ffffff');
insert into imagen (id_imagen, src_imagen, imagen) values (5, 'http://dummyimage.com/179x100.png/dddddd/000000', 'http://dummyimage.com/165x100.png/ff4444/ffffff');
insert into imagen (id_imagen, src_imagen, imagen) values (6, 'http://dummyimage.com/176x100.png/5fa2dd/ffffff', 'http://dummyimage.com/121x100.png/dddddd/000000');
insert into imagen (id_imagen, src_imagen, imagen) values (7, 'http://dummyimage.com/238x100.png/cc0000/ffffff', 'http://dummyimage.com/112x100.png/ff4444/ffffff');
insert into imagen (id_imagen, src_imagen, imagen) values (8, 'http://dummyimage.com/112x100.png/5fa2dd/ffffff', 'http://dummyimage.com/209x100.png/cc0000/ffffff');
insert into imagen (id_imagen, src_imagen, imagen) values (9, 'http://dummyimage.com/150x100.png/cc0000/ffffff', 'http://dummyimage.com/198x100.png/cc0000/ffffff');
insert into imagen (id_imagen, src_imagen, imagen) values (10, 'http://dummyimage.com/185x100.png/dddddd/000000', 'http://dummyimage.com/171x100.png/cc0000/ffffff');
insert into imagen (id_imagen, src_imagen, imagen) values (11, 'http://dummyimage.com/120x100.png/dddddd/000000', 'http://dummyimage.com/250x100.png/5fa2dd/ffffff');
insert into imagen (id_imagen, src_imagen, imagen) values (12, 'http://dummyimage.com/169x100.png/cc0000/ffffff', 'http://dummyimage.com/103x100.png/cc0000/ffffff');
insert into imagen (id_imagen, src_imagen, imagen) values (13, 'http://dummyimage.com/231x100.png/cc0000/ffffff', 'http://dummyimage.com/193x100.png/ff4444/ffffff');
insert into imagen (id_imagen, src_imagen, imagen) values (14, 'http://dummyimage.com/200x100.png/dddddd/000000', 'http://dummyimage.com/177x100.png/dddddd/000000');
insert into imagen (id_imagen, src_imagen, imagen) values (15, 'http://dummyimage.com/201x100.png/ff4444/ffffff', 'http://dummyimage.com/156x100.png/ff4444/ffffff');
insert into imagen (id_imagen, src_imagen, imagen) values (16, 'http://dummyimage.com/169x100.png/ff4444/ffffff', 'http://dummyimage.com/200x100.png/cc0000/ffffff');
insert into imagen (id_imagen, src_imagen, imagen) values (17, 'http://dummyimage.com/152x100.png/5fa2dd/ffffff', 'http://dummyimage.com/138x100.png/ff4444/ffffff');
insert into imagen (id_imagen, src_imagen, imagen) values (18, 'http://dummyimage.com/169x100.png/cc0000/ffffff', 'http://dummyimage.com/203x100.png/dddddd/000000');
insert into imagen (id_imagen, src_imagen, imagen) values (19, 'http://dummyimage.com/113x100.png/5fa2dd/ffffff', 'http://dummyimage.com/194x100.png/cc0000/ffffff');
insert into imagen (id_imagen, src_imagen, imagen) values (20, 'http://dummyimage.com/153x100.png/5fa2dd/ffffff', 'http://dummyimage.com/188x100.png/cc0000/ffffff');
insert into imagen (id_imagen, src_imagen, imagen) values (21, 'http://dummyimage.com/129x100.png/ff4444/ffffff', 'http://dummyimage.com/118x100.png/dddddd/000000');
insert into imagen (id_imagen, src_imagen, imagen) values (22, 'http://dummyimage.com/248x100.png/5fa2dd/ffffff', 'http://dummyimage.com/230x100.png/5fa2dd/ffffff');
insert into imagen (id_imagen, src_imagen, imagen) values (23, 'http://dummyimage.com/182x100.png/5fa2dd/ffffff', 'http://dummyimage.com/153x100.png/ff4444/ffffff');
insert into imagen (id_imagen, src_imagen, imagen) values (24, 'http://dummyimage.com/225x100.png/ff4444/ffffff', 'http://dummyimage.com/134x100.png/ff4444/ffffff');
insert into imagen (id_imagen, src_imagen, imagen) values (25, 'http://dummyimage.com/107x100.png/cc0000/ffffff', 'http://dummyimage.com/222x100.png/5fa2dd/ffffff');
insert into imagen (id_imagen, src_imagen, imagen) values (26, 'http://dummyimage.com/194x100.png/cc0000/ffffff', 'http://dummyimage.com/154x100.png/dddddd/000000');
insert into imagen (id_imagen, src_imagen, imagen) values (27, 'http://dummyimage.com/164x100.png/ff4444/ffffff', 'http://dummyimage.com/118x100.png/dddddd/000000');
insert into imagen (id_imagen, src_imagen, imagen) values (28, 'http://dummyimage.com/243x100.png/5fa2dd/ffffff', 'http://dummyimage.com/209x100.png/dddddd/000000');
insert into imagen (id_imagen, src_imagen, imagen) values (29, 'http://dummyimage.com/246x100.png/ff4444/ffffff', 'http://dummyimage.com/101x100.png/dddddd/000000');
insert into imagen (id_imagen, src_imagen, imagen) values (30, 'http://dummyimage.com/210x100.png/dddddd/000000', 'http://dummyimage.com/144x100.png/dddddd/000000');
insert into imagen (id_imagen, src_imagen, imagen) values (31, 'http://dummyimage.com/112x100.png/ff4444/ffffff', 'http://dummyimage.com/207x100.png/cc0000/ffffff');
insert into imagen (id_imagen, src_imagen, imagen) values (32, 'http://dummyimage.com/141x100.png/dddddd/000000', 'http://dummyimage.com/153x100.png/5fa2dd/ffffff');
insert into imagen (id_imagen, src_imagen, imagen) values (33, 'http://dummyimage.com/180x100.png/dddddd/000000', 'http://dummyimage.com/104x100.png/cc0000/ffffff');
insert into imagen (id_imagen, src_imagen, imagen) values (34, 'http://dummyimage.com/244x100.png/ff4444/ffffff', 'http://dummyimage.com/140x100.png/5fa2dd/ffffff');
insert into imagen (id_imagen, src_imagen, imagen) values (35, 'http://dummyimage.com/245x100.png/ff4444/ffffff', 'http://dummyimage.com/221x100.png/dddddd/000000');
insert into imagen (id_imagen, src_imagen, imagen) values (36, 'http://dummyimage.com/242x100.png/cc0000/ffffff', 'http://dummyimage.com/154x100.png/ff4444/ffffff');
insert into imagen (id_imagen, src_imagen, imagen) values (37, 'http://dummyimage.com/230x100.png/cc0000/ffffff', 'http://dummyimage.com/145x100.png/cc0000/ffffff');
insert into imagen (id_imagen, src_imagen, imagen) values (38, 'http://dummyimage.com/164x100.png/cc0000/ffffff', 'http://dummyimage.com/190x100.png/ff4444/ffffff');
insert into imagen (id_imagen, src_imagen, imagen) values (39, 'http://dummyimage.com/149x100.png/cc0000/ffffff', 'http://dummyimage.com/218x100.png/cc0000/ffffff');
insert into imagen (id_imagen, src_imagen, imagen) values (40, 'http://dummyimage.com/113x100.png/5fa2dd/ffffff', 'http://dummyimage.com/142x100.png/dddddd/000000');
insert into imagen (id_imagen, src_imagen, imagen) values (41, 'http://dummyimage.com/133x100.png/dddddd/000000', 'http://dummyimage.com/122x100.png/cc0000/ffffff');
insert into imagen (id_imagen, src_imagen, imagen) values (42, 'http://dummyimage.com/240x100.png/cc0000/ffffff', 'http://dummyimage.com/109x100.png/dddddd/000000');
insert into imagen (id_imagen, src_imagen, imagen) values (43, 'http://dummyimage.com/224x100.png/dddddd/000000', 'http://dummyimage.com/228x100.png/cc0000/ffffff');
insert into imagen (id_imagen, src_imagen, imagen) values (44, 'http://dummyimage.com/135x100.png/ff4444/ffffff', 'http://dummyimage.com/142x100.png/dddddd/000000');
insert into imagen (id_imagen, src_imagen, imagen) values (45, 'http://dummyimage.com/228x100.png/5fa2dd/ffffff', 'http://dummyimage.com/184x100.png/cc0000/ffffff');
insert into imagen (id_imagen, src_imagen, imagen) values (46, 'http://dummyimage.com/191x100.png/dddddd/000000', 'http://dummyimage.com/111x100.png/ff4444/ffffff');
insert into imagen (id_imagen, src_imagen, imagen) values (47, 'http://dummyimage.com/158x100.png/5fa2dd/ffffff', 'http://dummyimage.com/153x100.png/dddddd/000000');
insert into imagen (id_imagen, src_imagen, imagen) values (48, 'http://dummyimage.com/207x100.png/dddddd/000000', 'http://dummyimage.com/221x100.png/cc0000/ffffff');
insert into imagen (id_imagen, src_imagen, imagen) values (49, 'http://dummyimage.com/198x100.png/dddddd/000000', 'http://dummyimage.com/109x100.png/5fa2dd/ffffff');
insert into imagen (id_imagen, src_imagen, imagen) values (50, 'http://dummyimage.com/234x100.png/dddddd/000000', 'http://dummyimage.com/218x100.png/5fa2dd/ffffff');
insert into imagen (id_imagen, src_imagen, imagen) values (51, 'http://dummyimage.com/248x100.png/dddddd/000000', 'http://dummyimage.com/215x100.png/ff4444/ffffff');
insert into imagen (id_imagen, src_imagen, imagen) values (52, 'http://dummyimage.com/234x100.png/cc0000/ffffff', 'http://dummyimage.com/127x100.png/ff4444/ffffff');
insert into imagen (id_imagen, src_imagen, imagen) values (53, 'http://dummyimage.com/237x100.png/5fa2dd/ffffff', 'http://dummyimage.com/174x100.png/dddddd/000000');
insert into imagen (id_imagen, src_imagen, imagen) values (54, 'http://dummyimage.com/153x100.png/5fa2dd/ffffff', 'http://dummyimage.com/134x100.png/5fa2dd/ffffff');
insert into imagen (id_imagen, src_imagen, imagen) values (55, 'http://dummyimage.com/155x100.png/cc0000/ffffff', 'http://dummyimage.com/188x100.png/cc0000/ffffff');
insert into imagen (id_imagen, src_imagen, imagen) values (56, 'http://dummyimage.com/152x100.png/dddddd/000000', 'http://dummyimage.com/122x100.png/cc0000/ffffff');
insert into imagen (id_imagen, src_imagen, imagen) values (57, 'http://dummyimage.com/229x100.png/ff4444/ffffff', 'http://dummyimage.com/121x100.png/5fa2dd/ffffff');
insert into imagen (id_imagen, src_imagen, imagen) values (58, 'http://dummyimage.com/177x100.png/ff4444/ffffff', 'http://dummyimage.com/119x100.png/dddddd/000000');
insert into imagen (id_imagen, src_imagen, imagen) values (59, 'http://dummyimage.com/231x100.png/5fa2dd/ffffff', 'http://dummyimage.com/182x100.png/5fa2dd/ffffff');
insert into imagen (id_imagen, src_imagen, imagen) values (60, 'http://dummyimage.com/227x100.png/dddddd/000000', 'http://dummyimage.com/109x100.png/5fa2dd/ffffff');
insert into imagen (id_imagen, src_imagen, imagen) values (61, 'http://dummyimage.com/148x100.png/5fa2dd/ffffff', 'http://dummyimage.com/218x100.png/5fa2dd/ffffff');
insert into imagen (id_imagen, src_imagen, imagen) values (62, 'http://dummyimage.com/170x100.png/ff4444/ffffff', 'http://dummyimage.com/203x100.png/5fa2dd/ffffff');
insert into imagen (id_imagen, src_imagen, imagen) values (63, 'http://dummyimage.com/159x100.png/cc0000/ffffff', 'http://dummyimage.com/206x100.png/5fa2dd/ffffff');
insert into imagen (id_imagen, src_imagen, imagen) values (64, 'http://dummyimage.com/221x100.png/cc0000/ffffff', 'http://dummyimage.com/188x100.png/ff4444/ffffff');
insert into imagen (id_imagen, src_imagen, imagen) values (65, 'http://dummyimage.com/103x100.png/5fa2dd/ffffff', 'http://dummyimage.com/177x100.png/ff4444/ffffff');
insert into imagen (id_imagen, src_imagen, imagen) values (66, 'http://dummyimage.com/185x100.png/dddddd/000000', 'http://dummyimage.com/146x100.png/5fa2dd/ffffff');
insert into imagen (id_imagen, src_imagen, imagen) values (67, 'http://dummyimage.com/144x100.png/dddddd/000000', 'http://dummyimage.com/210x100.png/5fa2dd/ffffff');
insert into imagen (id_imagen, src_imagen, imagen) values (68, 'http://dummyimage.com/218x100.png/5fa2dd/ffffff', 'http://dummyimage.com/132x100.png/ff4444/ffffff');
insert into imagen (id_imagen, src_imagen, imagen) values (69, 'http://dummyimage.com/136x100.png/dddddd/000000', 'http://dummyimage.com/249x100.png/ff4444/ffffff');
insert into imagen (id_imagen, src_imagen, imagen) values (70, 'http://dummyimage.com/119x100.png/cc0000/ffffff', 'http://dummyimage.com/223x100.png/dddddd/000000');
insert into imagen (id_imagen, src_imagen, imagen) values (71, 'http://dummyimage.com/234x100.png/dddddd/000000', 'http://dummyimage.com/177x100.png/5fa2dd/ffffff');
insert into imagen (id_imagen, src_imagen, imagen) values (72, 'http://dummyimage.com/165x100.png/dddddd/000000', 'http://dummyimage.com/208x100.png/5fa2dd/ffffff');
insert into imagen (id_imagen, src_imagen, imagen) values (73, 'http://dummyimage.com/192x100.png/cc0000/ffffff', 'http://dummyimage.com/219x100.png/cc0000/ffffff');
insert into imagen (id_imagen, src_imagen, imagen) values (74, 'http://dummyimage.com/188x100.png/ff4444/ffffff', 'http://dummyimage.com/168x100.png/ff4444/ffffff');
insert into imagen (id_imagen, src_imagen, imagen) values (75, 'http://dummyimage.com/132x100.png/dddddd/000000', 'http://dummyimage.com/232x100.png/dddddd/000000');
insert into imagen (id_imagen, src_imagen, imagen) values (76, 'http://dummyimage.com/168x100.png/5fa2dd/ffffff', 'http://dummyimage.com/186x100.png/dddddd/000000');
insert into imagen (id_imagen, src_imagen, imagen) values (77, 'http://dummyimage.com/108x100.png/cc0000/ffffff', 'http://dummyimage.com/178x100.png/5fa2dd/ffffff');
insert into imagen (id_imagen, src_imagen, imagen) values (78, 'http://dummyimage.com/203x100.png/5fa2dd/ffffff', 'http://dummyimage.com/143x100.png/5fa2dd/ffffff');
insert into imagen (id_imagen, src_imagen, imagen) values (79, 'http://dummyimage.com/175x100.png/5fa2dd/ffffff', 'http://dummyimage.com/240x100.png/ff4444/ffffff');
insert into imagen (id_imagen, src_imagen, imagen) values (80, 'http://dummyimage.com/150x100.png/ff4444/ffffff', 'http://dummyimage.com/113x100.png/cc0000/ffffff');
insert into imagen (id_imagen, src_imagen, imagen) values (81, 'http://dummyimage.com/207x100.png/ff4444/ffffff', 'http://dummyimage.com/231x100.png/dddddd/000000');
insert into imagen (id_imagen, src_imagen, imagen) values (82, 'http://dummyimage.com/177x100.png/ff4444/ffffff', 'http://dummyimage.com/125x100.png/dddddd/000000');
insert into imagen (id_imagen, src_imagen, imagen) values (83, 'http://dummyimage.com/137x100.png/cc0000/ffffff', 'http://dummyimage.com/181x100.png/dddddd/000000');
insert into imagen (id_imagen, src_imagen, imagen) values (84, 'http://dummyimage.com/171x100.png/dddddd/000000', 'http://dummyimage.com/177x100.png/ff4444/ffffff');
insert into imagen (id_imagen, src_imagen, imagen) values (85, 'http://dummyimage.com/180x100.png/dddddd/000000', 'http://dummyimage.com/236x100.png/cc0000/ffffff');
insert into imagen (id_imagen, src_imagen, imagen) values (86, 'http://dummyimage.com/136x100.png/cc0000/ffffff', 'http://dummyimage.com/128x100.png/cc0000/ffffff');
insert into imagen (id_imagen, src_imagen, imagen) values (87, 'http://dummyimage.com/236x100.png/dddddd/000000', 'http://dummyimage.com/233x100.png/dddddd/000000');
insert into imagen (id_imagen, src_imagen, imagen) values (88, 'http://dummyimage.com/100x100.png/dddddd/000000', 'http://dummyimage.com/123x100.png/5fa2dd/ffffff');
insert into imagen (id_imagen, src_imagen, imagen) values (89, 'http://dummyimage.com/244x100.png/cc0000/ffffff', 'http://dummyimage.com/121x100.png/dddddd/000000');
insert into imagen (id_imagen, src_imagen, imagen) values (90, 'http://dummyimage.com/237x100.png/cc0000/ffffff', 'http://dummyimage.com/157x100.png/dddddd/000000');
insert into imagen (id_imagen, src_imagen, imagen) values (91, 'http://dummyimage.com/197x100.png/dddddd/000000', 'http://dummyimage.com/196x100.png/dddddd/000000');
insert into imagen (id_imagen, src_imagen, imagen) values (92, 'http://dummyimage.com/197x100.png/cc0000/ffffff', 'http://dummyimage.com/237x100.png/dddddd/000000');
insert into imagen (id_imagen, src_imagen, imagen) values (93, 'http://dummyimage.com/151x100.png/dddddd/000000', 'http://dummyimage.com/102x100.png/dddddd/000000');
insert into imagen (id_imagen, src_imagen, imagen) values (94, 'http://dummyimage.com/184x100.png/dddddd/000000', 'http://dummyimage.com/233x100.png/dddddd/000000');
insert into imagen (id_imagen, src_imagen, imagen) values (95, 'http://dummyimage.com/149x100.png/cc0000/ffffff', 'http://dummyimage.com/214x100.png/ff4444/ffffff');
insert into imagen (id_imagen, src_imagen, imagen) values (96, 'http://dummyimage.com/153x100.png/cc0000/ffffff', 'http://dummyimage.com/242x100.png/dddddd/000000');
insert into imagen (id_imagen, src_imagen, imagen) values (97, 'http://dummyimage.com/192x100.png/cc0000/ffffff', 'http://dummyimage.com/125x100.png/cc0000/ffffff');
insert into imagen (id_imagen, src_imagen, imagen) values (98, 'http://dummyimage.com/104x100.png/cc0000/ffffff', 'http://dummyimage.com/191x100.png/dddddd/000000');
insert into imagen (id_imagen, src_imagen, imagen) values (99, 'http://dummyimage.com/111x100.png/ff4444/ffffff', 'http://dummyimage.com/167x100.png/ff4444/ffffff');
insert into imagen (id_imagen, src_imagen, imagen) values (100, 'http://dummyimage.com/241x100.png/5fa2dd/ffffff', 'http://dummyimage.com/227x100.png/ff4444/ffffff');
-- Tabla departamento
insert into departamento (id_departamento, departamento) values (1, 'La Paz');
insert into departamento (id_departamento, departamento) values (2, 'Santa Cruz');
insert into departamento (id_departamento, departamento) values (3, 'Cochabamba');
insert into departamento (id_departamento, departamento) values (4, 'Beni');
insert into departamento (id_departamento, departamento) values (5, 'Pando');
insert into departamento (id_departamento, departamento) values (6, 'Tarija');
insert into departamento (id_departamento, departamento) values (7, 'Chuquisaca');
insert into departamento (id_departamento, departamento) values (8, 'Oruro');
insert into departamento (id_departamento, departamento) values (9, 'Potosi');
-- Tabla ciudad
insert into ciudad (id_ciudad, ciudad, id_departamento) values (1, 'Marelesu', 7);
insert into ciudad (id_ciudad, ciudad, id_departamento) values (2, 'Banjar Sambangan', 7);
insert into ciudad (id_ciudad, ciudad, id_departamento) values (3, 'Vetlanda', 1);
insert into ciudad (id_ciudad, ciudad, id_departamento) values (4, 'Ciudad Barrios', 1);
insert into ciudad (id_ciudad, ciudad, id_departamento) values (5, 'Maxiao', 9);
insert into ciudad (id_ciudad, ciudad, id_departamento) values (6, 'Bangkok', 2);
insert into ciudad (id_ciudad, ciudad, id_departamento) values (7, 'De la Paz', 8);
insert into ciudad (id_ciudad, ciudad, id_departamento) values (8, 'Umm al Qaywayn', 9);
insert into ciudad (id_ciudad, ciudad, id_departamento) values (9, 'Carrigaline', 4);
insert into ciudad (id_ciudad, ciudad, id_departamento) values (10, 'Fucun', 5);
insert into ciudad (id_ciudad, ciudad, id_departamento) values (11, 'Kroczyce', 6);
insert into ciudad (id_ciudad, ciudad, id_departamento) values (12, 'Montréal-Est', 3);
insert into ciudad (id_ciudad, ciudad, id_departamento) values (13, 'København', 5);
insert into ciudad (id_ciudad, ciudad, id_departamento) values (14, 'Xinkai', 6);
insert into ciudad (id_ciudad, ciudad, id_departamento) values (15, 'Gaoshi', 7);
-- direccion
insert into direccion (id_direccion, id_ciudad, zona, calle) values (1, 15, '9 Esker Plaza', '91 Rowland Court');
insert into direccion (id_direccion, id_ciudad, zona, calle) values (2, 13, '95 Mcbride Place', '759 8th Trail');
insert into direccion (id_direccion, id_ciudad, zona, calle) values (3, 4, '11609 Cordelia Street', '3 Burning Wood Park');
insert into direccion (id_direccion, id_ciudad, zona, calle) values (4, 15, '7 Towne Court', '73 Northland Alley');
insert into direccion (id_direccion, id_ciudad, zona, calle) values (5, 10, '1 Russell Hill', '994 Pine View Park');
insert into direccion (id_direccion, id_ciudad, zona, calle) values (6, 15, '519 Sundown Parkway', '318 Stuart Circle');
insert into direccion (id_direccion, id_ciudad, zona, calle) values (7, 11, '6932 Goodland Court', '345 Fair Oaks Road');
insert into direccion (id_direccion, id_ciudad, zona, calle) values (8, 14, '7618 Harbort Alley', '135 Del Sol Way');
insert into direccion (id_direccion, id_ciudad, zona, calle) values (9, 11, '781 Delaware Way', '2597 Onsgard Crossing');
insert into direccion (id_direccion, id_ciudad, zona, calle) values (10, 11, '1 Cherokee Pass', '4491 Claremont Avenue');
insert into direccion (id_direccion, id_ciudad, zona, calle) values (11, 15, '86 Charing Cross Point', '79475 Merry Hill');
insert into direccion (id_direccion, id_ciudad, zona, calle) values (12, 1, '568 Cherokee Trail', '90902 Rigney Hill');
insert into direccion (id_direccion, id_ciudad, zona, calle) values (13, 14, '2 Bluestem Place', '781 Village Trail');
insert into direccion (id_direccion, id_ciudad, zona, calle) values (14, 3, '2187 6th Circle', '5235 Redwing Plaza');
insert into direccion (id_direccion, id_ciudad, zona, calle) values (15, 12, '23 Hansons Way', '3278 Bunker Hill Place');
insert into direccion (id_direccion, id_ciudad, zona, calle) values (16, 12, '22 Bellgrove Lane', '62 Bowman Street');
insert into direccion (id_direccion, id_ciudad, zona, calle) values (17, 8, '75150 Hudson Lane', '81 Rieder Alley');
insert into direccion (id_direccion, id_ciudad, zona, calle) values (18, 3, '45048 Vidon Circle', '624 Mayfield Drive');
insert into direccion (id_direccion, id_ciudad, zona, calle) values (19, 13, '1816 Summerview Pass', '00225 Kennedy Pass');
insert into direccion (id_direccion, id_ciudad, zona, calle) values (20, 3, '76362 Dakota Place', '8788 Hollow Ridge Park');
insert into direccion (id_direccion, id_ciudad, zona, calle) values (21, 14, '57647 Kenwood Way', '1 Katie Street');
insert into direccion (id_direccion, id_ciudad, zona, calle) values (22, 6, '952 Cascade Drive', '5 Londonderry Point');
insert into direccion (id_direccion, id_ciudad, zona, calle) values (23, 8, '464 Becker Street', '79 Kim Court');
insert into direccion (id_direccion, id_ciudad, zona, calle) values (24, 2, '089 Starling Parkway', '242 Warner Alley');
insert into direccion (id_direccion, id_ciudad, zona, calle) values (25, 7, '467 6th Center', '63 Fulton Park');
insert into direccion (id_direccion, id_ciudad, zona, calle) values (26, 12, '8569 Shopko Avenue', '232 Bashford Road');
insert into direccion (id_direccion, id_ciudad, zona, calle) values (27, 2, '42 Bluestem Way', '83 Pierstorff Trail');
insert into direccion (id_direccion, id_ciudad, zona, calle) values (28, 6, '3 Dakota Trail', '8 Dakota Junction');
insert into direccion (id_direccion, id_ciudad, zona, calle) values (29, 11, '3 Carey Crossing', '60281 Sauthoff Parkway');
insert into direccion (id_direccion, id_ciudad, zona, calle) values (30, 13, '50 Meadow Ridge Alley', '49 Elka Plaza');
insert into direccion (id_direccion, id_ciudad, zona, calle) values (31, 10, '3 Doe Crossing Junction', '441 Surrey Crossing');
insert into direccion (id_direccion, id_ciudad, zona, calle) values (32, 6, '690 Myrtle Road', '89578 1st Junction');
insert into direccion (id_direccion, id_ciudad, zona, calle) values (33, 9, '77693 Springview Plaza', '608 Roxbury Trail');
insert into direccion (id_direccion, id_ciudad, zona, calle) values (34, 7, '4 Lunder Way', '1945 Nobel Street');
insert into direccion (id_direccion, id_ciudad, zona, calle) values (35, 14, '084 Eastwood Crossing', '5123 Maple Circle');
insert into direccion (id_direccion, id_ciudad, zona, calle) values (36, 13, '15415 Schmedeman Trail', '41 Mosinee Avenue');
insert into direccion (id_direccion, id_ciudad, zona, calle) values (37, 4, '149 Mccormick Terrace', '82 Bluejay Terrace');
insert into direccion (id_direccion, id_ciudad, zona, calle) values (38, 7, '6 3rd Parkway', '27081 Dapin Drive');
insert into direccion (id_direccion, id_ciudad, zona, calle) values (39, 9, '6 Eagle Crest Road', '480 Caliangt Way');
insert into direccion (id_direccion, id_ciudad, zona, calle) values (40, 11, '32 Del Sol Alley', '2 Jenna Point');
insert into direccion (id_direccion, id_ciudad, zona, calle) values (41, 13, '624 Kings Park', '81474 Homewood Plaza');
insert into direccion (id_direccion, id_ciudad, zona, calle) values (42, 8, '22 Troy Avenue', '80 Kedzie Avenue');
insert into direccion (id_direccion, id_ciudad, zona, calle) values (43, 5, '40 Sutteridge Drive', '8424 Commercial Junction');
insert into direccion (id_direccion, id_ciudad, zona, calle) values (44, 9, '92 Continental Hill', '55240 Gerald Center');
insert into direccion (id_direccion, id_ciudad, zona, calle) values (45, 9, '7 Oakridge Court', '81 Blackbird Trail');
insert into direccion (id_direccion, id_ciudad, zona, calle) values (46, 7, '1 Sutteridge Crossing', '1423 Raven Crossing');
insert into direccion (id_direccion, id_ciudad, zona, calle) values (47, 15, '90992 Butternut Court', '41 Grasskamp Trail');
insert into direccion (id_direccion, id_ciudad, zona, calle) values (48, 4, '76 Anthes Place', '8976 Sunfield Alley');
insert into direccion (id_direccion, id_ciudad, zona, calle) values (49, 2, '2 Dixon Alley', '74055 Dunning Crossing');
insert into direccion (id_direccion, id_ciudad, zona, calle) values (50, 8, '15665 Graedel Park', '3482 Pearson Avenue');
insert into direccion (id_direccion, id_ciudad, zona, calle) values (51, 6, '09699 Banding Place', '30 Utah Point');
insert into direccion (id_direccion, id_ciudad, zona, calle) values (52, 8, '03 Dexter Pass', '6 Pennsylvania Street');
insert into direccion (id_direccion, id_ciudad, zona, calle) values (53, 10, '114 Portage Junction', '22185 Schiller Street');
insert into direccion (id_direccion, id_ciudad, zona, calle) values (54, 11, '76201 Shopko Hill', '5728 Loeprich Parkway');
insert into direccion (id_direccion, id_ciudad, zona, calle) values (55, 1, '0 Fair Oaks Place', '1169 Bultman Parkway');
insert into direccion (id_direccion, id_ciudad, zona, calle) values (56, 10, '06 Carey Plaza', '39260 Waubesa Point');
insert into direccion (id_direccion, id_ciudad, zona, calle) values (57, 13, '6271 Springview Alley', '540 2nd Junction');
insert into direccion (id_direccion, id_ciudad, zona, calle) values (58, 8, '1 1st Circle', '44 Namekagon Junction');
insert into direccion (id_direccion, id_ciudad, zona, calle) values (59, 1, '7098 Valley Edge Center', '720 Roth Parkway');
insert into direccion (id_direccion, id_ciudad, zona, calle) values (60, 2, '8185 Superior Point', '13926 Grim Park');
insert into direccion (id_direccion, id_ciudad, zona, calle) values (61, 1, '61390 Butternut Court', '8 Manley Parkway');
insert into direccion (id_direccion, id_ciudad, zona, calle) values (62, 2, '65105 Dottie Park', '7 7th Circle');
insert into direccion (id_direccion, id_ciudad, zona, calle) values (63, 9, '00 South Way', '02 Oak Valley Place');
insert into direccion (id_direccion, id_ciudad, zona, calle) values (64, 8, '56675 Hoard Park', '5467 Ilene Court');
insert into direccion (id_direccion, id_ciudad, zona, calle) values (65, 2, '11 Pearson Way', '80 Carpenter Terrace');
insert into direccion (id_direccion, id_ciudad, zona, calle) values (66, 4, '707 Paget Drive', '47 Maple Crossing');
insert into direccion (id_direccion, id_ciudad, zona, calle) values (67, 11, '5459 Gateway Road', '57750 Westport Terrace');
insert into direccion (id_direccion, id_ciudad, zona, calle) values (68, 5, '3 Moland Terrace', '1515 Homewood Terrace');
insert into direccion (id_direccion, id_ciudad, zona, calle) values (69, 1, '13824 Hanson Center', '905 Division Circle');
insert into direccion (id_direccion, id_ciudad, zona, calle) values (70, 14, '5960 Crest Line Crossing', '8 Luster Crossing');
insert into direccion (id_direccion, id_ciudad, zona, calle) values (71, 12, '386 Gerald Parkway', '66 Hoepker Way');
insert into direccion (id_direccion, id_ciudad, zona, calle) values (72, 6, '50 Sycamore Place', '58 Donald Circle');
insert into direccion (id_direccion, id_ciudad, zona, calle) values (73, 7, '084 Fuller Place', '68 Bluestem Plaza');
insert into direccion (id_direccion, id_ciudad, zona, calle) values (74, 7, '3 Arizona Circle', '26595 Pepper Wood Center');
insert into direccion (id_direccion, id_ciudad, zona, calle) values (75, 1, '86744 Memorial Circle', '4696 Dottie Drive');
insert into direccion (id_direccion, id_ciudad, zona, calle) values (76, 8, '34431 6th Alley', '262 Michigan Court');
insert into direccion (id_direccion, id_ciudad, zona, calle) values (77, 12, '12 Lawn Pass', '52 Welch Place');
insert into direccion (id_direccion, id_ciudad, zona, calle) values (78, 4, '9 Shasta Junction', '643 Orin Court');
insert into direccion (id_direccion, id_ciudad, zona, calle) values (79, 5, '691 Kennedy Pass', '14 Northridge Avenue');
insert into direccion (id_direccion, id_ciudad, zona, calle) values (80, 8, '873 Oriole Plaza', '11 Gulseth Place');
insert into direccion (id_direccion, id_ciudad, zona, calle) values (81, 14, '52 Clemons Place', '4 Little Fleur Court');
insert into direccion (id_direccion, id_ciudad, zona, calle) values (82, 12, '2 Jay Pass', '7 Elka Way');
insert into direccion (id_direccion, id_ciudad, zona, calle) values (83, 14, '365 Red Cloud Terrace', '69478 Waubesa Road');
insert into direccion (id_direccion, id_ciudad, zona, calle) values (84, 8, '5463 Crescent Oaks Parkway', '7986 Dorton Crossing');
insert into direccion (id_direccion, id_ciudad, zona, calle) values (85, 3, '16 Gale Street', '94149 Jenifer Junction');
insert into direccion (id_direccion, id_ciudad, zona, calle) values (86, 8, '8 Moland Avenue', '4655 La Follette Trail');
insert into direccion (id_direccion, id_ciudad, zona, calle) values (87, 13, '6552 Gateway Circle', '23 Cardinal Lane');
insert into direccion (id_direccion, id_ciudad, zona, calle) values (88, 1, '27 Mendota Circle', '88090 Crowley Way');
insert into direccion (id_direccion, id_ciudad, zona, calle) values (89, 6, '3120 Westridge Parkway', '6 Londonderry Court');
insert into direccion (id_direccion, id_ciudad, zona, calle) values (90, 4, '1997 Macpherson Plaza', '1 Haas Alley');
insert into direccion (id_direccion, id_ciudad, zona, calle) values (91, 14, '4 Clemons Court', '85662 Dorton Park');
insert into direccion (id_direccion, id_ciudad, zona, calle) values (92, 7, '06 Luster Drive', '17227 Goodland Drive');
insert into direccion (id_direccion, id_ciudad, zona, calle) values (93, 4, '0649 Independence Center', '421 Lillian Trail');
insert into direccion (id_direccion, id_ciudad, zona, calle) values (94, 15, '911 Lotheville Trail', '26745 Stoughton Lane');
insert into direccion (id_direccion, id_ciudad, zona, calle) values (95, 7, '2662 Rigney Hill', '5 Delaware Circle');
insert into direccion (id_direccion, id_ciudad, zona, calle) values (96, 13, '973 Reindahl Point', '0 Heath Street');
insert into direccion (id_direccion, id_ciudad, zona, calle) values (97, 9, '49026 Delaware Parkway', '8 Elmside Plaza');
insert into direccion (id_direccion, id_ciudad, zona, calle) values (98, 9, '8 Carberry Pass', '03 Mayfield Parkway');
insert into direccion (id_direccion, id_ciudad, zona, calle) values (99, 13, '5 Leroy Way', '18 Cambridge Crossing');
insert into direccion (id_direccion, id_ciudad, zona, calle) values (100, 8, '8 Porter Crossing', '4365 Comanche Way');
--persona
insert into persona (id_persona, nombre_persona, apellido_paterno, apellido_materno, apellido_casado, fecha_nacimiento, id_direccion_fk) values (1, 'Gabriel', 'Betonia', 'Slaight', null, '4/9/2021', 1);
insert into persona (id_persona, nombre_persona, apellido_paterno, apellido_materno, apellido_casado, fecha_nacimiento, id_direccion_fk) values (2, 'Conny', 'Tanzig', 'Postians', null, '4/12/2021', 94);
insert into persona (id_persona, nombre_persona, apellido_paterno, apellido_materno, apellido_casado, fecha_nacimiento, id_direccion_fk) values (3, 'Rozele', 'Mangeot', 'MacTavish', null, '4/16/2021', 8);
insert into persona (id_persona, nombre_persona, apellido_paterno, apellido_materno, apellido_casado, fecha_nacimiento, id_direccion_fk) values (4, 'Amy', 'Drage', 'Lownie', null, '4/19/2021', 19);
insert into persona (id_persona, nombre_persona, apellido_paterno, apellido_materno, apellido_casado, fecha_nacimiento, id_direccion_fk) values (5, 'Vina', 'Lavis', 'Leal', null, '4/14/2021', 43);
insert into persona (id_persona, nombre_persona, apellido_paterno, apellido_materno, apellido_casado, fecha_nacimiento, id_direccion_fk) values (6, 'Nickie', 'Poinsett', 'Menilove', null, '4/13/2021', 37);
insert into persona (id_persona, nombre_persona, apellido_paterno, apellido_materno, apellido_casado, fecha_nacimiento, id_direccion_fk) values (7, 'Moss', 'McAughtrie', 'Hanscome', null, '4/5/2021', 35);
insert into persona (id_persona, nombre_persona, apellido_paterno, apellido_materno, apellido_casado, fecha_nacimiento, id_direccion_fk) values (8, 'Natasha', 'Reagan', 'Dibben', null, '4/10/2021', 35);
insert into persona (id_persona, nombre_persona, apellido_paterno, apellido_materno, apellido_casado, fecha_nacimiento, id_direccion_fk) values (9, 'Ellis', 'Holstein', 'Coath', null, '4/12/2021', 49);
insert into persona (id_persona, nombre_persona, apellido_paterno, apellido_materno, apellido_casado, fecha_nacimiento, id_direccion_fk) values (10, 'Isaiah', 'Benito', 'Pollastro', null, '4/16/2021', 56);
insert into persona (id_persona, nombre_persona, apellido_paterno, apellido_materno, apellido_casado, fecha_nacimiento, id_direccion_fk) values (11, 'Carlen', 'Braybrook', 'Myton', null, '4/12/2021', 2);
insert into persona (id_persona, nombre_persona, apellido_paterno, apellido_materno, apellido_casado, fecha_nacimiento, id_direccion_fk) values (12, 'Simmonds', 'Tardiff', 'Race', null, '4/18/2021', 83);
insert into persona (id_persona, nombre_persona, apellido_paterno, apellido_materno, apellido_casado, fecha_nacimiento, id_direccion_fk) values (13, 'Madelin', 'Crankhorn', 'Kemery', null, '4/3/2021', 62);
insert into persona (id_persona, nombre_persona, apellido_paterno, apellido_materno, apellido_casado, fecha_nacimiento, id_direccion_fk) values (14, 'Marin', 'Conring', 'Rontree', null, '4/3/2021', 21);
insert into persona (id_persona, nombre_persona, apellido_paterno, apellido_materno, apellido_casado, fecha_nacimiento, id_direccion_fk) values (15, 'Dusty', 'Varne', 'Hildred', null, '4/7/2021', 5);
insert into persona (id_persona, nombre_persona, apellido_paterno, apellido_materno, apellido_casado, fecha_nacimiento, id_direccion_fk) values (16, 'Kile', 'Benedito', 'Slocom', null, '4/16/2021', 66);
insert into persona (id_persona, nombre_persona, apellido_paterno, apellido_materno, apellido_casado, fecha_nacimiento, id_direccion_fk) values (17, 'Cammy', 'Ibbett', 'MacGregor', null, '4/4/2021', 30);
insert into persona (id_persona, nombre_persona, apellido_paterno, apellido_materno, apellido_casado, fecha_nacimiento, id_direccion_fk) values (18, 'Antonina', 'Rosendale', 'Cleveland', null, '4/2/2021', 39);
insert into persona (id_persona, nombre_persona, apellido_paterno, apellido_materno, apellido_casado, fecha_nacimiento, id_direccion_fk) values (19, 'Rasla', 'McAlees', 'Chaney', null, '4/5/2021', 3);
insert into persona (id_persona, nombre_persona, apellido_paterno, apellido_materno, apellido_casado, fecha_nacimiento, id_direccion_fk) values (20, 'Vikki', 'Catton', 'Kibbye', null, '4/14/2021', 94);
insert into persona (id_persona, nombre_persona, apellido_paterno, apellido_materno, apellido_casado, fecha_nacimiento, id_direccion_fk) values (21, 'William', 'Reavey', 'Barstock', null, '4/13/2021', 65);
insert into persona (id_persona, nombre_persona, apellido_paterno, apellido_materno, apellido_casado, fecha_nacimiento, id_direccion_fk) values (22, 'Lulu', 'Bellhouse', 'Henrichsen', null, '4/15/2021', 26);
insert into persona (id_persona, nombre_persona, apellido_paterno, apellido_materno, apellido_casado, fecha_nacimiento, id_direccion_fk) values (23, 'Lucine', 'Teape', 'Rowlands', null, '4/16/2021', 64);
insert into persona (id_persona, nombre_persona, apellido_paterno, apellido_materno, apellido_casado, fecha_nacimiento, id_direccion_fk) values (24, 'Lilllie', 'Beig', 'Fance', null, '4/12/2021', 22);
insert into persona (id_persona, nombre_persona, apellido_paterno, apellido_materno, apellido_casado, fecha_nacimiento, id_direccion_fk) values (25, 'Jodie', 'Braney', 'Bogue', null, '4/8/2021', 96);
insert into persona (id_persona, nombre_persona, apellido_paterno, apellido_materno, apellido_casado, fecha_nacimiento, id_direccion_fk) values (26, 'Ambrose', 'Carmody', 'Budnk', null, '4/17/2021', 68);
insert into persona (id_persona, nombre_persona, apellido_paterno, apellido_materno, apellido_casado, fecha_nacimiento, id_direccion_fk) values (27, 'Gamaliel', 'Kayes', 'Skocroft', null, '4/1/2021', 55);
insert into persona (id_persona, nombre_persona, apellido_paterno, apellido_materno, apellido_casado, fecha_nacimiento, id_direccion_fk) values (28, 'Taryn', 'Rolling', 'Hallin', null, '4/7/2021', 30);
insert into persona (id_persona, nombre_persona, apellido_paterno, apellido_materno, apellido_casado, fecha_nacimiento, id_direccion_fk) values (29, 'Spence', 'Theobalds', 'Whyberd', null, '4/2/2021', 71);
insert into persona (id_persona, nombre_persona, apellido_paterno, apellido_materno, apellido_casado, fecha_nacimiento, id_direccion_fk) values (30, 'Betsey', 'Domenc', 'Philcott', null, '4/8/2021', 28);
insert into persona (id_persona, nombre_persona, apellido_paterno, apellido_materno, apellido_casado, fecha_nacimiento, id_direccion_fk) values (31, 'Lucila', 'Brede', 'Rosekilly', null, '4/2/2021', 31);
insert into persona (id_persona, nombre_persona, apellido_paterno, apellido_materno, apellido_casado, fecha_nacimiento, id_direccion_fk) values (32, 'Merci', 'Irwin', 'Kilgrove', null, '4/2/2021', 73);
insert into persona (id_persona, nombre_persona, apellido_paterno, apellido_materno, apellido_casado, fecha_nacimiento, id_direccion_fk) values (33, 'Baxy', 'Napoleone', 'Magenny', null, '4/7/2021', 71);
insert into persona (id_persona, nombre_persona, apellido_paterno, apellido_materno, apellido_casado, fecha_nacimiento, id_direccion_fk) values (34, 'Adelbert', 'Martlew', 'Saffin', null, '4/6/2021', 61);
insert into persona (id_persona, nombre_persona, apellido_paterno, apellido_materno, apellido_casado, fecha_nacimiento, id_direccion_fk) values (35, 'Aliza', 'Shedden', 'Fotherby', null, '4/19/2021', 58);
insert into persona (id_persona, nombre_persona, apellido_paterno, apellido_materno, apellido_casado, fecha_nacimiento, id_direccion_fk) values (36, 'Rafaela', 'Sutherland', 'Archell', null, '4/18/2021', 91);
insert into persona (id_persona, nombre_persona, apellido_paterno, apellido_materno, apellido_casado, fecha_nacimiento, id_direccion_fk) values (37, 'Pearline', 'Caneo', 'Schindler', null, '4/4/2021', 89);
insert into persona (id_persona, nombre_persona, apellido_paterno, apellido_materno, apellido_casado, fecha_nacimiento, id_direccion_fk) values (38, 'Pen', 'Seligson', 'Verrier', null, '4/15/2021', 4);
insert into persona (id_persona, nombre_persona, apellido_paterno, apellido_materno, apellido_casado, fecha_nacimiento, id_direccion_fk) values (39, 'Joshia', 'Whichelow', 'Grogan', null, '4/6/2021', 36);
insert into persona (id_persona, nombre_persona, apellido_paterno, apellido_materno, apellido_casado, fecha_nacimiento, id_direccion_fk) values (40, 'Rutledge', 'Oneal', 'Titcombe', null, '4/18/2021', 83);
insert into persona (id_persona, nombre_persona, apellido_paterno, apellido_materno, apellido_casado, fecha_nacimiento, id_direccion_fk) values (41, 'Frank', 'Heggadon', 'McLoughlin', null, '4/6/2021', 84);
insert into persona (id_persona, nombre_persona, apellido_paterno, apellido_materno, apellido_casado, fecha_nacimiento, id_direccion_fk) values (42, 'Shelley', 'Pagan', 'Mattam', null, '4/12/2021', 14);
insert into persona (id_persona, nombre_persona, apellido_paterno, apellido_materno, apellido_casado, fecha_nacimiento, id_direccion_fk) values (43, 'Isaac', 'Demoge', 'Lamberth', null, '4/13/2021', 33);
insert into persona (id_persona, nombre_persona, apellido_paterno, apellido_materno, apellido_casado, fecha_nacimiento, id_direccion_fk) values (44, 'Kamila', 'Wooding', 'Pyson', null, '4/10/2021', 69);
insert into persona (id_persona, nombre_persona, apellido_paterno, apellido_materno, apellido_casado, fecha_nacimiento, id_direccion_fk) values (45, 'Elmo', 'Caplen', 'Soggee', null, '4/1/2021', 48);
insert into persona (id_persona, nombre_persona, apellido_paterno, apellido_materno, apellido_casado, fecha_nacimiento, id_direccion_fk) values (46, 'Slade', 'Morilla', 'Tugwell', null, '4/8/2021', 45);
insert into persona (id_persona, nombre_persona, apellido_paterno, apellido_materno, apellido_casado, fecha_nacimiento, id_direccion_fk) values (47, 'Leonerd', 'Campbell', 'Swede', null, '4/4/2021', 10);
insert into persona (id_persona, nombre_persona, apellido_paterno, apellido_materno, apellido_casado, fecha_nacimiento, id_direccion_fk) values (48, 'Eveleen', 'Petrasek', 'Deason', null, '4/15/2021', 21);
insert into persona (id_persona, nombre_persona, apellido_paterno, apellido_materno, apellido_casado, fecha_nacimiento, id_direccion_fk) values (49, 'Innis', 'Edel', 'Lapish', null, '4/4/2021', 84);
insert into persona (id_persona, nombre_persona, apellido_paterno, apellido_materno, apellido_casado, fecha_nacimiento, id_direccion_fk) values (50, 'Weylin', 'Vigars', 'Scorer', null, '4/11/2021', 58);
insert into persona (id_persona, nombre_persona, apellido_paterno, apellido_materno, apellido_casado, fecha_nacimiento, id_direccion_fk) values (51, 'Joana', 'Buncom', 'Legen', null, '4/11/2021', 100);
insert into persona (id_persona, nombre_persona, apellido_paterno, apellido_materno, apellido_casado, fecha_nacimiento, id_direccion_fk) values (52, 'Ginnie', 'Twining', 'Willans', null, '4/6/2021', 24);
insert into persona (id_persona, nombre_persona, apellido_paterno, apellido_materno, apellido_casado, fecha_nacimiento, id_direccion_fk) values (53, 'Turner', 'Carvil', 'Platts', null, '4/18/2021', 55);
insert into persona (id_persona, nombre_persona, apellido_paterno, apellido_materno, apellido_casado, fecha_nacimiento, id_direccion_fk) values (54, 'Quintina', 'Hamel', 'Emmet', null, '4/5/2021', 66);
insert into persona (id_persona, nombre_persona, apellido_paterno, apellido_materno, apellido_casado, fecha_nacimiento, id_direccion_fk) values (55, 'Ted', 'Bartoszewski', 'Jacobowitz', null, '4/17/2021', 20);
insert into persona (id_persona, nombre_persona, apellido_paterno, apellido_materno, apellido_casado, fecha_nacimiento, id_direccion_fk) values (56, 'Ginnie', 'Spurdle', 'Cottam', null, '4/1/2021', 95);
insert into persona (id_persona, nombre_persona, apellido_paterno, apellido_materno, apellido_casado, fecha_nacimiento, id_direccion_fk) values (57, 'Daisie', 'Float', 'Flescher', null, '4/9/2021', 62);
insert into persona (id_persona, nombre_persona, apellido_paterno, apellido_materno, apellido_casado, fecha_nacimiento, id_direccion_fk) values (58, 'Alon', 'Whittenbury', 'Krzysztofiak', null, '4/11/2021', 13);
insert into persona (id_persona, nombre_persona, apellido_paterno, apellido_materno, apellido_casado, fecha_nacimiento, id_direccion_fk) values (59, 'Emilia', 'Brisley', 'Steventon', null, '4/18/2021', 62);
insert into persona (id_persona, nombre_persona, apellido_paterno, apellido_materno, apellido_casado, fecha_nacimiento, id_direccion_fk) values (60, 'Sisile', 'Kochs', 'Haylock', null, '4/13/2021', 2);
insert into persona (id_persona, nombre_persona, apellido_paterno, apellido_materno, apellido_casado, fecha_nacimiento, id_direccion_fk) values (61, 'Eugenia', 'Cormode', 'Osbaldeston', null, '4/13/2021', 6);
insert into persona (id_persona, nombre_persona, apellido_paterno, apellido_materno, apellido_casado, fecha_nacimiento, id_direccion_fk) values (62, 'Layla', 'Gatehouse', 'Harrigan', null, '4/1/2021', 97);
insert into persona (id_persona, nombre_persona, apellido_paterno, apellido_materno, apellido_casado, fecha_nacimiento, id_direccion_fk) values (63, 'Cobby', 'Potell', 'Clough', null, '4/8/2021', 78);
insert into persona (id_persona, nombre_persona, apellido_paterno, apellido_materno, apellido_casado, fecha_nacimiento, id_direccion_fk) values (64, 'Wright', 'Lansdowne', 'Castagneto', null, '4/14/2021', 92);
insert into persona (id_persona, nombre_persona, apellido_paterno, apellido_materno, apellido_casado, fecha_nacimiento, id_direccion_fk) values (65, 'Ramonda', 'Lotherington', 'Faughey', null, '4/16/2021', 21);
insert into persona (id_persona, nombre_persona, apellido_paterno, apellido_materno, apellido_casado, fecha_nacimiento, id_direccion_fk) values (66, 'Jordan', 'Stonestreet', 'Jays', null, '4/17/2021', 93);
insert into persona (id_persona, nombre_persona, apellido_paterno, apellido_materno, apellido_casado, fecha_nacimiento, id_direccion_fk) values (67, 'Niki', 'Benitti', 'McGiff', null, '4/10/2021', 53);
insert into persona (id_persona, nombre_persona, apellido_paterno, apellido_materno, apellido_casado, fecha_nacimiento, id_direccion_fk) values (68, 'Codie', 'Parmiter', 'Bridgnell', null, '4/13/2021', 47);
insert into persona (id_persona, nombre_persona, apellido_paterno, apellido_materno, apellido_casado, fecha_nacimiento, id_direccion_fk) values (69, 'Tobin', 'Boolsen', 'Elvins', null, '4/12/2021', 99);
insert into persona (id_persona, nombre_persona, apellido_paterno, apellido_materno, apellido_casado, fecha_nacimiento, id_direccion_fk) values (70, 'Jandy', 'Sebrens', 'Moorerud', null, '4/8/2021', 89);
insert into persona (id_persona, nombre_persona, apellido_paterno, apellido_materno, apellido_casado, fecha_nacimiento, id_direccion_fk) values (71, 'Bernarr', 'Seamarke', 'Moorman', null, '4/7/2021', 77);
insert into persona (id_persona, nombre_persona, apellido_paterno, apellido_materno, apellido_casado, fecha_nacimiento, id_direccion_fk) values (72, 'Nikos', 'Justun', 'Pulster', null, '4/3/2021', 98);
insert into persona (id_persona, nombre_persona, apellido_paterno, apellido_materno, apellido_casado, fecha_nacimiento, id_direccion_fk) values (73, 'Briggs', 'Sandercock', 'Sarvar', null, '4/15/2021', 81);
insert into persona (id_persona, nombre_persona, apellido_paterno, apellido_materno, apellido_casado, fecha_nacimiento, id_direccion_fk) values (74, 'Kippy', 'Wallett', 'Elie', null, '4/15/2021', 12);
insert into persona (id_persona, nombre_persona, apellido_paterno, apellido_materno, apellido_casado, fecha_nacimiento, id_direccion_fk) values (75, 'Alphard', 'Maggill''Andreis', 'Huyche', null, '4/9/2021', 99);
insert into persona (id_persona, nombre_persona, apellido_paterno, apellido_materno, apellido_casado, fecha_nacimiento, id_direccion_fk) values (76, 'Birgitta', 'Durie', 'Lynskey', null, '4/7/2021', 49);
insert into persona (id_persona, nombre_persona, apellido_paterno, apellido_materno, apellido_casado, fecha_nacimiento, id_direccion_fk) values (77, 'Sashenka', 'Brecken', 'Bennell', null, '4/8/2021', 24);
insert into persona (id_persona, nombre_persona, apellido_paterno, apellido_materno, apellido_casado, fecha_nacimiento, id_direccion_fk) values (78, 'Tye', 'Grotty', 'Siderfin', null, '4/3/2021', 54);
insert into persona (id_persona, nombre_persona, apellido_paterno, apellido_materno, apellido_casado, fecha_nacimiento, id_direccion_fk) values (79, 'Kelsey', 'Vearnals', 'Outlaw', null, '4/2/2021', 30);
insert into persona (id_persona, nombre_persona, apellido_paterno, apellido_materno, apellido_casado, fecha_nacimiento, id_direccion_fk) values (80, 'Bord', 'Piaggia', 'Putterill', null, '4/7/2021', 86);
insert into persona (id_persona, nombre_persona, apellido_paterno, apellido_materno, apellido_casado, fecha_nacimiento, id_direccion_fk) values (81, 'Kaila', 'Revan', 'Burger', null, '4/2/2021', 41);
insert into persona (id_persona, nombre_persona, apellido_paterno, apellido_materno, apellido_casado, fecha_nacimiento, id_direccion_fk) values (82, 'Nicholas', 'Halewood', 'Mosco', null, '4/10/2021', 12);
insert into persona (id_persona, nombre_persona, apellido_paterno, apellido_materno, apellido_casado, fecha_nacimiento, id_direccion_fk) values (83, 'Grace', 'Mattock', 'Partrick', null, '4/11/2021', 75);
insert into persona (id_persona, nombre_persona, apellido_paterno, apellido_materno, apellido_casado, fecha_nacimiento, id_direccion_fk) values (84, 'Bibi', 'Truckell', 'Seath', null, '4/6/2021', 33);
insert into persona (id_persona, nombre_persona, apellido_paterno, apellido_materno, apellido_casado, fecha_nacimiento, id_direccion_fk) values (85, 'Catlee', 'Dransfield', 'Splaven', null, '4/16/2021', 27);
insert into persona (id_persona, nombre_persona, apellido_paterno, apellido_materno, apellido_casado, fecha_nacimiento, id_direccion_fk) values (86, 'Frederica', 'Kislingbury', 'Spuner', null, '4/9/2021', 53);
insert into persona (id_persona, nombre_persona, apellido_paterno, apellido_materno, apellido_casado, fecha_nacimiento, id_direccion_fk) values (87, 'Pen', 'Pringour', 'Janman', null, '4/18/2021', 69);
insert into persona (id_persona, nombre_persona, apellido_paterno, apellido_materno, apellido_casado, fecha_nacimiento, id_direccion_fk) values (88, 'Grete', 'Goodyear', 'Sharpe', null, '4/19/2021', 29);
insert into persona (id_persona, nombre_persona, apellido_paterno, apellido_materno, apellido_casado, fecha_nacimiento, id_direccion_fk) values (89, 'Bennie', 'Hallmark', 'Barrell', null, '4/8/2021', 42);
insert into persona (id_persona, nombre_persona, apellido_paterno, apellido_materno, apellido_casado, fecha_nacimiento, id_direccion_fk) values (90, 'Solly', 'Sember', 'Baltzar', null, '4/5/2021', 35);
insert into persona (id_persona, nombre_persona, apellido_paterno, apellido_materno, apellido_casado, fecha_nacimiento, id_direccion_fk) values (91, 'Pearl', 'Engeham', 'Mathieu', null, '4/15/2021', 96);
insert into persona (id_persona, nombre_persona, apellido_paterno, apellido_materno, apellido_casado, fecha_nacimiento, id_direccion_fk) values (92, 'Andee', 'Tewkesberry', 'Press', null, '4/14/2021', 97);
insert into persona (id_persona, nombre_persona, apellido_paterno, apellido_materno, apellido_casado, fecha_nacimiento, id_direccion_fk) values (93, 'Armando', 'Rizzillo', 'Bramhill', null, '4/14/2021', 10);
insert into persona (id_persona, nombre_persona, apellido_paterno, apellido_materno, apellido_casado, fecha_nacimiento, id_direccion_fk) values (94, 'Shoshana', 'Lowe', 'Mizen', null, '4/15/2021', 83);
insert into persona (id_persona, nombre_persona, apellido_paterno, apellido_materno, apellido_casado, fecha_nacimiento, id_direccion_fk) values (95, 'Norton', 'Elijah', 'Wolfarth', null, '4/14/2021', 52);
insert into persona (id_persona, nombre_persona, apellido_paterno, apellido_materno, apellido_casado, fecha_nacimiento, id_direccion_fk) values (96, 'Micah', 'Spalding', 'Antonikov', null, '4/1/2021', 48);
insert into persona (id_persona, nombre_persona, apellido_paterno, apellido_materno, apellido_casado, fecha_nacimiento, id_direccion_fk) values (97, 'Korey', 'Jandel', 'Gantley', null, '4/8/2021', 2);
insert into persona (id_persona, nombre_persona, apellido_paterno, apellido_materno, apellido_casado, fecha_nacimiento, id_direccion_fk) values (98, 'Tabbitha', 'Barke', 'Boardman', null, '4/10/2021', 28);
insert into persona (id_persona, nombre_persona, apellido_paterno, apellido_materno, apellido_casado, fecha_nacimiento, id_direccion_fk) values (99, 'Lalo', 'Leipelt', 'Hirtzmann', null, '4/9/2021', 27);
insert into persona (id_persona, nombre_persona, apellido_paterno, apellido_materno, apellido_casado, fecha_nacimiento, id_direccion_fk) values (100, 'Graig', 'Plaskitt', 'Ponton', null, '4/13/2021', 11);
--usuario
insert into usuario (id_usuario, id_tipo_usuario, usuario, contrasena, correo_electronico, telefono, id_persona_fk) values (1, 2, 'alapree0', 'LduSVRw', 'abruyett0@mediafire.com', 81381, 1);
insert into usuario (id_usuario, id_tipo_usuario, usuario, contrasena, correo_electronico, telefono, id_persona_fk) values (2, 1, 'ncuxon1', 'svjCuK50', 'jpitbladdo1@newsvine.com', 82548, 2);
insert into usuario (id_usuario, id_tipo_usuario, usuario, contrasena, correo_electronico, telefono, id_persona_fk) values (3, 2, 'gnicholls2', 'mmd3k0d', 'tgorgler2@adobe.com', 88543, 3);
insert into usuario (id_usuario, id_tipo_usuario, usuario, contrasena, correo_electronico, telefono, id_persona_fk) values (4, 1, 'tcruce3', 'Zk8hnA8dshc', 'eskyram3@comcast.net', 88800, 4);
insert into usuario (id_usuario, id_tipo_usuario, usuario, contrasena, correo_electronico, telefono, id_persona_fk) values (5, 1, 'mferron4', '0gWan3e', 'cneat4@linkedin.com', 84453, 5);
insert into usuario (id_usuario, id_tipo_usuario, usuario, contrasena, correo_electronico, telefono, id_persona_fk) values (6, 1, 'fburchmore5', 'v3GceeSZ9uj', 'hmourant5@bandcamp.com', 81522, 6);
insert into usuario (id_usuario, id_tipo_usuario, usuario, contrasena, correo_electronico, telefono, id_persona_fk) values (7, 2, 'iheersma6', 'Hc8chTM6Z', 'mbrimblecomb6@hhs.gov', 87026, 7);
insert into usuario (id_usuario, id_tipo_usuario, usuario, contrasena, correo_electronico, telefono, id_persona_fk) values (8, 1, 'pcalken7', 'XCsrfK', 'dshevill7@google.com.hk', 82849, 8);
insert into usuario (id_usuario, id_tipo_usuario, usuario, contrasena, correo_electronico, telefono, id_persona_fk) values (9, 2, 'gmaccaffery8', 'B4S5WRiX8f', 'mwimmers8@amazon.com', 82709, 9);
insert into usuario (id_usuario, id_tipo_usuario, usuario, contrasena, correo_electronico, telefono, id_persona_fk) values (10, 1, 'mbucke9', 'oUSrK2', 'kborris9@example.com', 78422, 10);
insert into usuario (id_usuario, id_tipo_usuario, usuario, contrasena, correo_electronico, telefono, id_persona_fk) values (11, 1, 'mcampea', 'CEncG1Xjy8', 'naureliusa@jalbum.net', 78811, 11);
insert into usuario (id_usuario, id_tipo_usuario, usuario, contrasena, correo_electronico, telefono, id_persona_fk) values (12, 2, 'mkilleleyb', 'tet9hC', 'gsteagallb@ox.ac.uk', 79358, 12);
insert into usuario (id_usuario, id_tipo_usuario, usuario, contrasena, correo_electronico, telefono, id_persona_fk) values (13, 2, 'ftremellierc', 'ODmZvEJ2b', 'ndibiagic@hp.com', 80239, 13);
insert into usuario (id_usuario, id_tipo_usuario, usuario, contrasena, correo_electronico, telefono, id_persona_fk) values (14, 1, 'nhucklebyd', 'QkDdMeLQiq', 'ndunsd@imageshack.us', 81655, 14);
insert into usuario (id_usuario, id_tipo_usuario, usuario, contrasena, correo_electronico, telefono, id_persona_fk) values (15, 2, 'rbrozeke', 'yyv0J6vEH9', 'glouisete@chronoengine.com', 84318, 15);
insert into usuario (id_usuario, id_tipo_usuario, usuario, contrasena, correo_electronico, telefono, id_persona_fk) values (16, 1, 'sleggingf', '4v8hwA9cd', 'mfludgatef@quantcast.com', 78043, 16);
insert into usuario (id_usuario, id_tipo_usuario, usuario, contrasena, correo_electronico, telefono, id_persona_fk) values (17, 1, 'fkennerleyg', 'meIsw7tzdp', 'colearyg@princeton.edu', 85659, 17);
insert into usuario (id_usuario, id_tipo_usuario, usuario, contrasena, correo_electronico, telefono, id_persona_fk) values (18, 2, 'vmarzelloh', 'JrYGcu', 'hzmitrukh@vkontakte.ru', 85168, 18);
insert into usuario (id_usuario, id_tipo_usuario, usuario, contrasena, correo_electronico, telefono, id_persona_fk) values (19, 1, 'tofeenyi', 'K6L1UpxrfR', 'sderoberti@tumblr.com', 77926, 19);
insert into usuario (id_usuario, id_tipo_usuario, usuario, contrasena, correo_electronico, telefono, id_persona_fk) values (20, 1, 'ralcidej', 'wxOM6L', 'tjellisj@amazon.de', 80245, 20);
insert into usuario (id_usuario, id_tipo_usuario, usuario, contrasena, correo_electronico, telefono, id_persona_fk) values (21, 1, 'ajosselsonk', 'BZ9pLn', 'rokek@netlog.com', 82718, 21);
insert into usuario (id_usuario, id_tipo_usuario, usuario, contrasena, correo_electronico, telefono, id_persona_fk) values (22, 2, 'gchippindalel', 'k9pWUejaDNU', 'wcardnelll@uol.com.br', 83047, 22);
insert into usuario (id_usuario, id_tipo_usuario, usuario, contrasena, correo_electronico, telefono, id_persona_fk) values (23, 2, 'ejannm', 'fZ7YSy', 'asommersm@ucla.edu', 82487, 23);
insert into usuario (id_usuario, id_tipo_usuario, usuario, contrasena, correo_electronico, telefono, id_persona_fk) values (24, 1, 'dmadgwickn', 'i3kgZmns', 'kbedingfieldn@yale.edu', 86296, 24);
insert into usuario (id_usuario, id_tipo_usuario, usuario, contrasena, correo_electronico, telefono, id_persona_fk) values (25, 1, 'bscrowstono', 'u8VOeoCd7', 'igrzegorzewiczo@skype.com', 82430, 25);
insert into usuario (id_usuario, id_tipo_usuario, usuario, contrasena, correo_electronico, telefono, id_persona_fk) values (26, 2, 'gchinap', 'YGvGaH6zL3rR', 'sduiganp@nature.com', 82584, 26);
insert into usuario (id_usuario, id_tipo_usuario, usuario, contrasena, correo_electronico, telefono, id_persona_fk) values (27, 1, 'rlaughnanq', 'DJCVAWsknI', 'krappq@whitehouse.gov', 85805, 27);
insert into usuario (id_usuario, id_tipo_usuario, usuario, contrasena, correo_electronico, telefono, id_persona_fk) values (28, 1, 'hfairchildr', 'KzCzYzapy', 'dsullandr@bbb.org', 84436, 28);
insert into usuario (id_usuario, id_tipo_usuario, usuario, contrasena, correo_electronico, telefono, id_persona_fk) values (29, 2, 'cbeartups', 'Y5Xiqaqi1Tva', 'mghions@creativecommons.org', 85494, 29);
insert into usuario (id_usuario, id_tipo_usuario, usuario, contrasena, correo_electronico, telefono, id_persona_fk) values (30, 1, 'crheaumet', 'Ya3aFzH35Lh1', 'ebothent@ovh.net', 81297, 30);
insert into usuario (id_usuario, id_tipo_usuario, usuario, contrasena, correo_electronico, telefono, id_persona_fk) values (31, 1, 'tdesportu', 'BBbqubS', 'jhiggoeu@weibo.com', 78353, 31);
insert into usuario (id_usuario, id_tipo_usuario, usuario, contrasena, correo_electronico, telefono, id_persona_fk) values (32, 1, 'gbrumfittv', 'UpY8YQgmWXuf', 'ccressarv@bing.com', 86104, 32);
insert into usuario (id_usuario, id_tipo_usuario, usuario, contrasena, correo_electronico, telefono, id_persona_fk) values (33, 2, 'gschuckw', '4SZbVqz', 'agreenhaughw@twitpic.com', 81774, 33);
insert into usuario (id_usuario, id_tipo_usuario, usuario, contrasena, correo_electronico, telefono, id_persona_fk) values (34, 1, 'pcankettx', 'Xk7IDtwY', 'ksedgemanx@free.fr', 88342, 34);
insert into usuario (id_usuario, id_tipo_usuario, usuario, contrasena, correo_electronico, telefono, id_persona_fk) values (35, 1, 'pgorsy', 'rGmW1xpHN81Y', 'mchadweny@creativecommons.org', 80465, 35);
insert into usuario (id_usuario, id_tipo_usuario, usuario, contrasena, correo_electronico, telefono, id_persona_fk) values (36, 2, 'jswatheridgez', 'HrXgrTQ', 'droomz@wordpress.com', 88810, 36);
insert into usuario (id_usuario, id_tipo_usuario, usuario, contrasena, correo_electronico, telefono, id_persona_fk) values (37, 1, 'bhawket10', '98tnNUBhQhQ', 'jheild10@biglobe.ne.jp', 81783, 37);
insert into usuario (id_usuario, id_tipo_usuario, usuario, contrasena, correo_electronico, telefono, id_persona_fk) values (38, 1, 'ekemmis11', '2UReFdj5', 'dlamcken11@sciencedirect.com', 82596, 38);
insert into usuario (id_usuario, id_tipo_usuario, usuario, contrasena, correo_electronico, telefono, id_persona_fk) values (39, 1, 'bfairham12', '5hkFH6gtR', 'blahrs12@networkadvertising.org', 77845, 39);
insert into usuario (id_usuario, id_tipo_usuario, usuario, contrasena, correo_electronico, telefono, id_persona_fk) values (40, 2, 'mcuer13', 'OQnPf5VaLaNe', 'jmcphelimey13@zimbio.com', 84106, 40);
insert into usuario (id_usuario, id_tipo_usuario, usuario, contrasena, correo_electronico, telefono, id_persona_fk) values (41, 2, 'bcockroft14', 'HOlZyTA', 'kgellier14@discovery.com', 78684, 41);
insert into usuario (id_usuario, id_tipo_usuario, usuario, contrasena, correo_electronico, telefono, id_persona_fk) values (42, 2, 'lmousley15', 'mtpuzxg', 'alawles15@nps.gov', 83593, 42);
insert into usuario (id_usuario, id_tipo_usuario, usuario, contrasena, correo_electronico, telefono, id_persona_fk) values (43, 2, 'cgeraudel16', 'HsOwiF', 'scleaver16@xrea.com', 78050, 43);
insert into usuario (id_usuario, id_tipo_usuario, usuario, contrasena, correo_electronico, telefono, id_persona_fk) values (44, 1, 'eciobutaru17', 'vPvyDBt', 'astaneland17@foxnews.com', 81917, 44);
insert into usuario (id_usuario, id_tipo_usuario, usuario, contrasena, correo_electronico, telefono, id_persona_fk) values (45, 2, 'leykelhof18', 'uklNbUTXX7cW', 'gchinnery18@newyorker.com', 78035, 45);
insert into usuario (id_usuario, id_tipo_usuario, usuario, contrasena, correo_electronico, telefono, id_persona_fk) values (46, 1, 'tarbuckle19', '0Usbm47wdp8', 'ktimoney19@people.com.cn', 82645, 46);
insert into usuario (id_usuario, id_tipo_usuario, usuario, contrasena, correo_electronico, telefono, id_persona_fk) values (47, 1, 'rwandrey1a', 'Hm8yE6BZ2Fk', 'fweale1a@ucoz.com', 85649, 47);
insert into usuario (id_usuario, id_tipo_usuario, usuario, contrasena, correo_electronico, telefono, id_persona_fk) values (48, 2, 'bcantillon1b', 'PI3unbYn', 'gbetke1b@bigcartel.com', 85649, 48);
insert into usuario (id_usuario, id_tipo_usuario, usuario, contrasena, correo_electronico, telefono, id_persona_fk) values (49, 1, 'dhallgarth1c', 'W06KuQAZGhS', 'gilott1c@alexa.com', 85048, 49);
insert into usuario (id_usuario, id_tipo_usuario, usuario, contrasena, correo_electronico, telefono, id_persona_fk) values (50, 2, 'sphilipsson1d', '6ePgdBuPxZb', 'iablewhite1d@jiathis.com', 84076, 50);
insert into usuario (id_usuario, id_tipo_usuario, usuario, contrasena, correo_electronico, telefono, id_persona_fk) values (51, 1, 'jbaker1e', 'DZ5ekpf', 'mstearnes1e@squidoo.com', 85018, 51);
insert into usuario (id_usuario, id_tipo_usuario, usuario, contrasena, correo_electronico, telefono, id_persona_fk) values (52, 1, 'tdunnan1f', 'tHIqYEnUkMJF', 'mandrzejak1f@exblog.jp', 80887, 52);
insert into usuario (id_usuario, id_tipo_usuario, usuario, contrasena, correo_electronico, telefono, id_persona_fk) values (53, 1, 'jmarlin1g', 'H6QQMHqeE', 'npurselowe1g@tinyurl.com', 83829, 53);
insert into usuario (id_usuario, id_tipo_usuario, usuario, contrasena, correo_electronico, telefono, id_persona_fk) values (54, 2, 'rkinnie1h', 'rWZd2z', 'atorre1h@storify.com', 78774, 54);
insert into usuario (id_usuario, id_tipo_usuario, usuario, contrasena, correo_electronico, telefono, id_persona_fk) values (55, 1, 'bpirrey1i', 'Slf1Ev3DyZU', 'ifigin1i@smugmug.com', 86717, 55);
insert into usuario (id_usuario, id_tipo_usuario, usuario, contrasena, correo_electronico, telefono, id_persona_fk) values (56, 1, 'rtire1j', 'rNCvmUMRUx07', 'xgludor1j@cbslocal.com', 81578, 56);
insert into usuario (id_usuario, id_tipo_usuario, usuario, contrasena, correo_electronico, telefono, id_persona_fk) values (57, 1, 'jsergean1k', 'nrW5G1Z', 'jbennion1k@example.com', 78829, 57);
insert into usuario (id_usuario, id_tipo_usuario, usuario, contrasena, correo_electronico, telefono, id_persona_fk) values (58, 2, 'smangeney1l', 'bTMnamS5Eg1', 'parrowsmith1l@topsy.com', 80254, 58);
insert into usuario (id_usuario, id_tipo_usuario, usuario, contrasena, correo_electronico, telefono, id_persona_fk) values (59, 1, 'pshervil1m', 'SzJMja2CqTV', 'dvellden1m@list-manage.com', 86831, 59);
insert into usuario (id_usuario, id_tipo_usuario, usuario, contrasena, correo_electronico, telefono, id_persona_fk) values (60, 2, 'jsudworth1n', 'ielyr7', 'nkelshaw1n@nymag.com', 81575, 60);
insert into usuario (id_usuario, id_tipo_usuario, usuario, contrasena, correo_electronico, telefono, id_persona_fk) values (61, 2, 'ncarr1o', 'URQ4xhJlSoZl', 'sspaingower1o@buzzfeed.com', 87454, 61);
insert into usuario (id_usuario, id_tipo_usuario, usuario, contrasena, correo_electronico, telefono, id_persona_fk) values (62, 1, 'jpickavant1p', 'z3L4EwoXmz', 'hsowten1p@bigcartel.com', 85928, 62);
insert into usuario (id_usuario, id_tipo_usuario, usuario, contrasena, correo_electronico, telefono, id_persona_fk) values (63, 2, 'mboyett1q', '9ur7npueJ3Qf', 'jivantsov1q@theglobeandmail.com', 80713, 63);
insert into usuario (id_usuario, id_tipo_usuario, usuario, contrasena, correo_electronico, telefono, id_persona_fk) values (64, 1, 'rwenzel1r', 'DudnXN', 'gfelipe1r@sourceforge.net', 87782, 64);
insert into usuario (id_usuario, id_tipo_usuario, usuario, contrasena, correo_electronico, telefono, id_persona_fk) values (65, 1, 'pchapiro1s', 'QNH3a7o', 'dprimo1s@icio.us', 78148, 65);
insert into usuario (id_usuario, id_tipo_usuario, usuario, contrasena, correo_electronico, telefono, id_persona_fk) values (66, 2, 'mfancet1t', '2GbwRHyVQPM', 'jgiacoppo1t@goo.gl', 86132, 66);
insert into usuario (id_usuario, id_tipo_usuario, usuario, contrasena, correo_electronico, telefono, id_persona_fk) values (67, 2, 'cjosephson1u', 'OiOyWfGf', 'psquire1u@hp.com', 86260, 67);
insert into usuario (id_usuario, id_tipo_usuario, usuario, contrasena, correo_electronico, telefono, id_persona_fk) values (68, 2, 'lwadly1v', 'qesXyKo', 'lbernardoux1v@rakuten.co.jp', 84431, 68);
insert into usuario (id_usuario, id_tipo_usuario, usuario, contrasena, correo_electronico, telefono, id_persona_fk) values (69, 2, 'ehealeas1w', 'X1iDQpZw', 'cacock1w@narod.ru', 80855, 69);
insert into usuario (id_usuario, id_tipo_usuario, usuario, contrasena, correo_electronico, telefono, id_persona_fk) values (70, 1, 'creith1x', 'jjKeWaRjMSN', 'wwillwood1x@freewebs.com', 80706, 70);
insert into usuario (id_usuario, id_tipo_usuario, usuario, contrasena, correo_electronico, telefono, id_persona_fk) values (71, 1, 'rjosovitz1y', 'trFmiAai', 'dtrunchion1y@facebook.com', 85321, 71);
insert into usuario (id_usuario, id_tipo_usuario, usuario, contrasena, correo_electronico, telefono, id_persona_fk) values (72, 2, 'atomblin1z', 'BhLsg5wyw3z', 'csurmon1z@mapy.cz', 84896, 72);
insert into usuario (id_usuario, id_tipo_usuario, usuario, contrasena, correo_electronico, telefono, id_persona_fk) values (73, 1, 'pbatkin20', 'DeyokXpo6', 'awaterdrinker20@cbsnews.com', 84219, 73);
insert into usuario (id_usuario, id_tipo_usuario, usuario, contrasena, correo_electronico, telefono, id_persona_fk) values (74, 1, 'tpeoples21', 'nZkbK3tE9H', 'ajeremaes21@bbb.org', 82310, 74);
insert into usuario (id_usuario, id_tipo_usuario, usuario, contrasena, correo_electronico, telefono, id_persona_fk) values (75, 2, 'vkabsch22', 'xzL9MO', 'cdingivan22@indiatimes.com', 80131, 75);
insert into usuario (id_usuario, id_tipo_usuario, usuario, contrasena, correo_electronico, telefono, id_persona_fk) values (76, 1, 'vferryn23', '33KMWYY', 'rstrangwood23@timesonline.co.uk', 82797, 76);
insert into usuario (id_usuario, id_tipo_usuario, usuario, contrasena, correo_electronico, telefono, id_persona_fk) values (77, 2, 'epiller24', 'V9BHgh', 'gjoannet24@goo.ne.jp', 82270, 77);
insert into usuario (id_usuario, id_tipo_usuario, usuario, contrasena, correo_electronico, telefono, id_persona_fk) values (78, 2, 'rimlacke25', 'VqRGOjOQ0x', 'nlayzell25@jalbum.net', 79564, 78);
insert into usuario (id_usuario, id_tipo_usuario, usuario, contrasena, correo_electronico, telefono, id_persona_fk) values (79, 1, 'dpead26', 'gHXF5l', 'cgilliver26@phpbb.com', 78651, 79);
insert into usuario (id_usuario, id_tipo_usuario, usuario, contrasena, correo_electronico, telefono, id_persona_fk) values (80, 1, 'cspohrmann27', '6LdzM3', 'bsharma27@chicagotribune.com', 88281, 80);
insert into usuario (id_usuario, id_tipo_usuario, usuario, contrasena, correo_electronico, telefono, id_persona_fk) values (81, 2, 'ftangye28', 'IB5pF2gNr8y', 'gburds28@usda.gov', 79733, 81);
insert into usuario (id_usuario, id_tipo_usuario, usuario, contrasena, correo_electronico, telefono, id_persona_fk) values (82, 1, 'jkean29', 'QrtCn7dGzdLe', 'bknipe29@sogou.com', 78311, 82);
insert into usuario (id_usuario, id_tipo_usuario, usuario, contrasena, correo_electronico, telefono, id_persona_fk) values (83, 1, 'jjentges2a', '4wlIiQTnO', 'hkoppen2a@opensource.org', 83346, 83);
insert into usuario (id_usuario, id_tipo_usuario, usuario, contrasena, correo_electronico, telefono, id_persona_fk) values (84, 1, 'arohan2b', 'QTRz7b2', 'adavis2b@slashdot.org', 87809, 84);
insert into usuario (id_usuario, id_tipo_usuario, usuario, contrasena, correo_electronico, telefono, id_persona_fk) values (85, 2, 'umarian2c', 'wjdsT8v', 'fmenham2c@google.ca', 85331, 85);
insert into usuario (id_usuario, id_tipo_usuario, usuario, contrasena, correo_electronico, telefono, id_persona_fk) values (86, 2, 'jdowsey2d', 'ED3sjepJ', 'cmellanby2d@telegraph.co.uk', 87984, 86);
insert into usuario (id_usuario, id_tipo_usuario, usuario, contrasena, correo_electronico, telefono, id_persona_fk) values (87, 1, 'tkirckman2e', 'RAtbL80yJBAw', 'aplanque2e@fema.gov', 88661, 87);
insert into usuario (id_usuario, id_tipo_usuario, usuario, contrasena, correo_electronico, telefono, id_persona_fk) values (88, 1, 'lpringle2f', 'ncmVnnaLru', 'ppostgate2f@indiegogo.com', 85044, 88);
insert into usuario (id_usuario, id_tipo_usuario, usuario, contrasena, correo_electronico, telefono, id_persona_fk) values (89, 1, 'pblaymires2g', '8Ct4dzmTuD', 'cgerrelt2g@cdbaby.com', 84372, 89);
insert into usuario (id_usuario, id_tipo_usuario, usuario, contrasena, correo_electronico, telefono, id_persona_fk) values (90, 2, 'aspileman2h', 'TO83QMsw1W38', 'jperell2h@cnbc.com', 87090, 90);
insert into usuario (id_usuario, id_tipo_usuario, usuario, contrasena, correo_electronico, telefono, id_persona_fk) values (91, 2, 'msapp2i', 'g70T2G4', 'cworshall2i@hatena.ne.jp', 87516, 91);
insert into usuario (id_usuario, id_tipo_usuario, usuario, contrasena, correo_electronico, telefono, id_persona_fk) values (92, 2, 'jliveing2j', 'jwhpG3L6HHA', 'jalasdair2j@pbs.org', 80661, 92);
insert into usuario (id_usuario, id_tipo_usuario, usuario, contrasena, correo_electronico, telefono, id_persona_fk) values (93, 1, 'jpocklington2k', '7BXbYFu7cO', 'pfilppetti2k@w3.org', 85539, 93);
insert into usuario (id_usuario, id_tipo_usuario, usuario, contrasena, correo_electronico, telefono, id_persona_fk) values (94, 2, 'amcdunlevy2l', 'rPQl2wI', 'rfitchett2l@so-net.ne.jp', 78459, 94);
insert into usuario (id_usuario, id_tipo_usuario, usuario, contrasena, correo_electronico, telefono, id_persona_fk) values (95, 2, 'pbiers2m', 'IpS1HyiSaMxh', 'sgisburne2m@jigsy.com', 85392, 95);
insert into usuario (id_usuario, id_tipo_usuario, usuario, contrasena, correo_electronico, telefono, id_persona_fk) values (96, 1, 'ehamprecht2n', 'b2vx0tvNiRF', 'mklosa2n@usatoday.com', 80064, 96);
insert into usuario (id_usuario, id_tipo_usuario, usuario, contrasena, correo_electronico, telefono, id_persona_fk) values (97, 2, 'sosmund2o', 'DQJ3LdRBBp97', 'dpreedy2o@ow.ly', 85386, 97);
insert into usuario (id_usuario, id_tipo_usuario, usuario, contrasena, correo_electronico, telefono, id_persona_fk) values (98, 2, 'hwinthrop2p', 'lb4t6EU', 'oformilli2p@wunderground.com', 85068, 98);
insert into usuario (id_usuario, id_tipo_usuario, usuario, contrasena, correo_electronico, telefono, id_persona_fk) values (99, 2, 'dranns2q', 'bAkmne', 'gmoughtin2q@sfgate.com', 88363, 99);
insert into usuario (id_usuario, id_tipo_usuario, usuario, contrasena, correo_electronico, telefono, id_persona_fk) values (100, 1, 'gwhear2r', 'pD9p6j', 'ibonnavant2r@google.ru', 79977, 100);
--donador
insert into donador (id_donador, id_contrato, id_usuario) values (1, 1, 29);
insert into donador (id_donador, id_contrato, id_usuario) values (2, 3, 43);
insert into donador (id_donador, id_contrato, id_usuario) values (3, 3, 11);
insert into donador (id_donador, id_contrato, id_usuario) values (4, 3, 31);
insert into donador (id_donador, id_contrato, id_usuario) values (5, 2, 7);
insert into donador (id_donador, id_contrato, id_usuario) values (6, 3, 42);
insert into donador (id_donador, id_contrato, id_usuario) values (7, 1, 48);
insert into donador (id_donador, id_contrato, id_usuario) values (8, 1, 50);
insert into donador (id_donador, id_contrato, id_usuario) values (9, 3, 34);
insert into donador (id_donador, id_contrato, id_usuario) values (10, 1, 18);
insert into donador (id_donador, id_contrato, id_usuario) values (11, 3, 25);
insert into donador (id_donador, id_contrato, id_usuario) values (12, 2, 17);
insert into donador (id_donador, id_contrato, id_usuario) values (13, 2, 13);
insert into donador (id_donador, id_contrato, id_usuario) values (14, 3, 37);
insert into donador (id_donador, id_contrato, id_usuario) values (15, 1, 11);
insert into donador (id_donador, id_contrato, id_usuario) values (16, 3, 10);
insert into donador (id_donador, id_contrato, id_usuario) values (17, 1, 32);
insert into donador (id_donador, id_contrato, id_usuario) values (18, 2, 48);
insert into donador (id_donador, id_contrato, id_usuario) values (19, 1, 18);
insert into donador (id_donador, id_contrato, id_usuario) values (20, 2, 39);
insert into donador (id_donador, id_contrato, id_usuario) values (21, 1, 13);
insert into donador (id_donador, id_contrato, id_usuario) values (22, 3, 15);
insert into donador (id_donador, id_contrato, id_usuario) values (23, 2, 37);
insert into donador (id_donador, id_contrato, id_usuario) values (24, 3, 44);
insert into donador (id_donador, id_contrato, id_usuario) values (25, 1, 28);
insert into donador (id_donador, id_contrato, id_usuario) values (26, 2, 48);
insert into donador (id_donador, id_contrato, id_usuario) values (27, 1, 13);
insert into donador (id_donador, id_contrato, id_usuario) values (28, 2, 8);
insert into donador (id_donador, id_contrato, id_usuario) values (29, 3, 12);
insert into donador (id_donador, id_contrato, id_usuario) values (30, 1, 47);
--emprendedor
insert into emprendedor (id_emprendedor, id_imagen, id_tipo_emprendimiento, id_contrato, id_usuario) values (1, 7, 1, 3, 1);
insert into emprendedor (id_emprendedor, id_imagen, id_tipo_emprendimiento, id_contrato, id_usuario) values (2, 15, 2, 2, 7);
insert into emprendedor (id_emprendedor, id_imagen, id_tipo_emprendimiento, id_contrato, id_usuario) values (3, 6, 3, 3, 15);
insert into emprendedor (id_emprendedor, id_imagen, id_tipo_emprendimiento, id_contrato, id_usuario) values (4, 14, 3, 3, 5);
insert into emprendedor (id_emprendedor, id_imagen, id_tipo_emprendimiento, id_contrato, id_usuario) values (5, 7, 1, 1, 16);
insert into emprendedor (id_emprendedor, id_imagen, id_tipo_emprendimiento, id_contrato, id_usuario) values (6, 6, 1, 2, 18);
insert into emprendedor (id_emprendedor, id_imagen, id_tipo_emprendimiento, id_contrato, id_usuario) values (7, 15, 2, 2, 20);
insert into emprendedor (id_emprendedor, id_imagen, id_tipo_emprendimiento, id_contrato, id_usuario) values (8, 10, 1, 2, 3);
insert into emprendedor (id_emprendedor, id_imagen, id_tipo_emprendimiento, id_contrato, id_usuario) values (9, 3, 3, 3, 7);
insert into emprendedor (id_emprendedor, id_imagen, id_tipo_emprendimiento, id_contrato, id_usuario) values (10, 8, 3, 1, 20);
insert into emprendedor (id_emprendedor, id_imagen, id_tipo_emprendimiento, id_contrato, id_usuario) values (11, 2, 2, 3, 3);
insert into emprendedor (id_emprendedor, id_imagen, id_tipo_emprendimiento, id_contrato, id_usuario) values (12, 16, 1, 3, 9);
insert into emprendedor (id_emprendedor, id_imagen, id_tipo_emprendimiento, id_contrato, id_usuario) values (13, 7, 3, 2, 16);
insert into emprendedor (id_emprendedor, id_imagen, id_tipo_emprendimiento, id_contrato, id_usuario) values (14, 6, 2, 2, 5);
insert into emprendedor (id_emprendedor, id_imagen, id_tipo_emprendimiento, id_contrato, id_usuario) values (15, 13, 1, 3, 9);
insert into emprendedor (id_emprendedor, id_imagen, id_tipo_emprendimiento, id_contrato, id_usuario) values (16, 6, 1, 3, 15);
insert into emprendedor (id_emprendedor, id_imagen, id_tipo_emprendimiento, id_contrato, id_usuario) values (17, 2, 3, 1, 19);
insert into emprendedor (id_emprendedor, id_imagen, id_tipo_emprendimiento, id_contrato, id_usuario) values (18, 8, 1, 3, 4);
insert into emprendedor (id_emprendedor, id_imagen, id_tipo_emprendimiento, id_contrato, id_usuario) values (19, 12, 2, 1, 2);
insert into emprendedor (id_emprendedor, id_imagen, id_tipo_emprendimiento, id_contrato, id_usuario) values (20, 10, 1, 2, 13);
insert into emprendedor (id_emprendedor, id_imagen, id_tipo_emprendimiento, id_contrato, id_usuario) values (21, 7, 1, 1, 13);
insert into emprendedor (id_emprendedor, id_imagen, id_tipo_emprendimiento, id_contrato, id_usuario) values (22, 19, 2, 1, 1);
insert into emprendedor (id_emprendedor, id_imagen, id_tipo_emprendimiento, id_contrato, id_usuario) values (23, 13, 2, 3, 17);
insert into emprendedor (id_emprendedor, id_imagen, id_tipo_emprendimiento, id_contrato, id_usuario) values (24, 11, 1, 3, 20);
insert into emprendedor (id_emprendedor, id_imagen, id_tipo_emprendimiento, id_contrato, id_usuario) values (25, 19, 1, 3, 10);
insert into emprendedor (id_emprendedor, id_imagen, id_tipo_emprendimiento, id_contrato, id_usuario) values (26, 2, 2, 3, 17);
insert into emprendedor (id_emprendedor, id_imagen, id_tipo_emprendimiento, id_contrato, id_usuario) values (27, 3, 2, 3, 18);
insert into emprendedor (id_emprendedor, id_imagen, id_tipo_emprendimiento, id_contrato, id_usuario) values (28, 1, 2, 3, 17);
insert into emprendedor (id_emprendedor, id_imagen, id_tipo_emprendimiento, id_contrato, id_usuario) values (29, 4, 2, 2, 1);
insert into emprendedor (id_emprendedor, id_imagen, id_tipo_emprendimiento, id_contrato, id_usuario) values (30, 11, 3, 1, 18);
insert into emprendedor (id_emprendedor, id_imagen, id_tipo_emprendimiento, id_contrato, id_usuario) values (31, 4, 3, 2, 3);
insert into emprendedor (id_emprendedor, id_imagen, id_tipo_emprendimiento, id_contrato, id_usuario) values (32, 16, 3, 3, 17);
insert into emprendedor (id_emprendedor, id_imagen, id_tipo_emprendimiento, id_contrato, id_usuario) values (33, 7, 1, 2, 8);
insert into emprendedor (id_emprendedor, id_imagen, id_tipo_emprendimiento, id_contrato, id_usuario) values (34, 12, 3, 3, 4);
insert into emprendedor (id_emprendedor, id_imagen, id_tipo_emprendimiento, id_contrato, id_usuario) values (35, 5, 2, 3, 8);
insert into emprendedor (id_emprendedor, id_imagen, id_tipo_emprendimiento, id_contrato, id_usuario) values (36, 7, 1, 1, 5);
insert into emprendedor (id_emprendedor, id_imagen, id_tipo_emprendimiento, id_contrato, id_usuario) values (37, 8, 2, 1, 8);
insert into emprendedor (id_emprendedor, id_imagen, id_tipo_emprendimiento, id_contrato, id_usuario) values (38, 12, 3, 3, 6);
insert into emprendedor (id_emprendedor, id_imagen, id_tipo_emprendimiento, id_contrato, id_usuario) values (39, 19, 3, 1, 13);
insert into emprendedor (id_emprendedor, id_imagen, id_tipo_emprendimiento, id_contrato, id_usuario) values (40, 7, 3, 3, 14);
--proyecto
insert into proyecto (id_proyecto, nombre_proyecto, descripcion, monto_recaudar, fecha_inicio, fecha_final, id_emprendedor, hora_inicio, hora_fin, id_estado) values (1, 'Catillaria chalybeia (Borrer) A. Massal.', 'Lorem ipsum dolor sit amet, consectetuer adipiscing elit. Proin risus. Praesent lectus.', 4462.2704, '4/7/2021', '4/6/2021', 2, '13:36', '11:22', 2);
insert into proyecto (id_proyecto, nombre_proyecto, descripcion, monto_recaudar, fecha_inicio, fecha_final, id_emprendedor, hora_inicio, hora_fin, id_estado) values (2, 'Bidens micrantha Gaudich.', 'Etiam vel augue. Vestibulum rutrum rutrum neque. Aenean auctor gravida sem.', 3159.5683, '4/12/2021', '4/14/2021', 29, '12:58', '17:19', 3);
insert into proyecto (id_proyecto, nombre_proyecto, descripcion, monto_recaudar, fecha_inicio, fecha_final, id_emprendedor, hora_inicio, hora_fin, id_estado) values (3, 'Robinia neomexicana A. Gray', 'Mauris enim leo, rhoncus sed, vestibulum sit amet, cursus id, turpis. Integer aliquet, massa id lobortis convallis, tortor risus dapibus augue, vel accumsan tellus nisi eu orci. Mauris lacinia sapien quis libero.', 5633.4028, '4/7/2021', '4/14/2021', 13, '0:23', '9:36', 2);
insert into proyecto (id_proyecto, nombre_proyecto, descripcion, monto_recaudar, fecha_inicio, fecha_final, id_emprendedor, hora_inicio, hora_fin, id_estado) values (4, 'Casuarina lepidophloia F. Muell.', 'Donec diam neque, vestibulum eget, vulputate ut, ultrices vel, augue. Vestibulum ante ipsum primis in faucibus orci luctus et ultrices posuere cubilia Curae; Donec pharetra, magna vestibulum aliquet ultrices, erat tortor sollicitudin mi, sit amet lobortis sapien sapien non mi. Integer ac neque.', 8406.18, '4/9/2021', '4/12/2021', 23, '19:19', '21:05', 1);
insert into proyecto (id_proyecto, nombre_proyecto, descripcion, monto_recaudar, fecha_inicio, fecha_final, id_emprendedor, hora_inicio, hora_fin, id_estado) values (5, 'Gamochaeta coarctata (Willd.) Kerguélen', 'Aenean lectus. Pellentesque eget nunc. Donec quis orci eget orci vehicula condimentum.', 7893.7614, '4/10/2021', '4/1/2021', 19, '19:39', '18:00', 1);
insert into proyecto (id_proyecto, nombre_proyecto, descripcion, monto_recaudar, fecha_inicio, fecha_final, id_emprendedor, hora_inicio, hora_fin, id_estado) values (6, 'Cuscuta cuspidata Engelm.', 'Nam ultrices, libero non mattis pulvinar, nulla pede ullamcorper augue, a suscipit nulla elit ac nulla. Sed vel enim sit amet nunc viverra dapibus. Nulla suscipit ligula in lacus.', 4586.5288, '4/12/2021', '4/4/2021', 23, '5:01', '2:17', 2);
insert into proyecto (id_proyecto, nombre_proyecto, descripcion, monto_recaudar, fecha_inicio, fecha_final, id_emprendedor, hora_inicio, hora_fin, id_estado) values (7, 'Telesonix Raf.', 'Fusce posuere felis sed lacus. Morbi sem mauris, laoreet ut, rhoncus aliquet, pulvinar sed, nisl. Nunc rhoncus dui vel sem.', 7646.1198, '4/11/2021', '4/15/2021', 5, '14:42', '9:55', 2);
insert into proyecto (id_proyecto, nombre_proyecto, descripcion, monto_recaudar, fecha_inicio, fecha_final, id_emprendedor, hora_inicio, hora_fin, id_estado) values (8, 'Sphenopholis nitida (Biehler) Scribn.', 'Proin interdum mauris non ligula pellentesque ultrices. Phasellus id sapien in sapien iaculis congue. Vivamus metus arcu, adipiscing molestie, hendrerit at, vulputate vitae, nisl.', 1891.4648, '4/11/2021', '4/19/2021', 12, '5:52', '7:06', 2);
insert into proyecto (id_proyecto, nombre_proyecto, descripcion, monto_recaudar, fecha_inicio, fecha_final, id_emprendedor, hora_inicio, hora_fin, id_estado) values (9, 'Amaranthus blitoides S. Watson', 'Duis consequat dui nec nisi volutpat eleifend. Donec ut dolor. Morbi vel lectus in quam fringilla rhoncus.', 6283.3569, '4/18/2021', '4/6/2021', 8, '6:54', '23:53', 2);
insert into proyecto (id_proyecto, nombre_proyecto, descripcion, monto_recaudar, fecha_inicio, fecha_final, id_emprendedor, hora_inicio, hora_fin, id_estado) values (10, 'Viola praemorsa Douglas ex Lindl.', 'Phasellus sit amet erat. Nulla tempus. Vivamus in felis eu sapien cursus vestibulum.', 9181.9264, '4/7/2021', '4/7/2021', 17, '10:49', '19:33', 2);
insert into proyecto (id_proyecto, nombre_proyecto, descripcion, monto_recaudar, fecha_inicio, fecha_final, id_emprendedor, hora_inicio, hora_fin, id_estado) values (11, 'Helenium vernale Walter', 'Praesent id massa id nisl venenatis lacinia. Aenean sit amet justo. Morbi ut odio.', 3525.1458, '4/14/2021', '4/15/2021', 10, '9:07', '20:56', 1);
insert into proyecto (id_proyecto, nombre_proyecto, descripcion, monto_recaudar, fecha_inicio, fecha_final, id_emprendedor, hora_inicio, hora_fin, id_estado) values (12, 'Krameria ixine L.', 'Maecenas ut massa quis augue luctus tincidunt. Nulla mollis molestie lorem. Quisque ut erat.', 2616.746, '4/2/2021', '4/7/2021', 28, '13:29', '6:22', 1);
insert into proyecto (id_proyecto, nombre_proyecto, descripcion, monto_recaudar, fecha_inicio, fecha_final, id_emprendedor, hora_inicio, hora_fin, id_estado) values (13, 'Viola lanceolata L. ssp. lanceolata', 'Aenean lectus. Pellentesque eget nunc. Donec quis orci eget orci vehicula condimentum.', 4108.5472, '4/7/2021', '4/3/2021', 29, '4:03', '14:25', 1);
insert into proyecto (id_proyecto, nombre_proyecto, descripcion, monto_recaudar, fecha_inicio, fecha_final, id_emprendedor, hora_inicio, hora_fin, id_estado) values (14, 'Labordia pumila (Hillebr.) Skottsb.', 'Aenean fermentum. Donec ut mauris eget massa tempor convallis. Nulla neque libero, convallis eget, eleifend luctus, ultricies eu, nibh.', 2618.0086, '4/16/2021', '4/9/2021', 21, '20:32', '6:44', 2);
insert into proyecto (id_proyecto, nombre_proyecto, descripcion, monto_recaudar, fecha_inicio, fecha_final, id_emprendedor, hora_inicio, hora_fin, id_estado) values (15, 'Cynodon dactylon (L.) Pers.', 'Duis consequat dui nec nisi volutpat eleifend. Donec ut dolor. Morbi vel lectus in quam fringilla rhoncus.', 2650.5244, '4/2/2021', '4/11/2021', 27, '14:50', '6:20', 1);
insert into proyecto (id_proyecto, nombre_proyecto, descripcion, monto_recaudar, fecha_inicio, fecha_final, id_emprendedor, hora_inicio, hora_fin, id_estado) values (16, 'Ludwigia L.', 'Phasellus in felis. Donec semper sapien a libero. Nam dui.', 8511.5937, '4/2/2021', '4/9/2021', 26, '3:20', '23:51', 2);
insert into proyecto (id_proyecto, nombre_proyecto, descripcion, monto_recaudar, fecha_inicio, fecha_final, id_emprendedor, hora_inicio, hora_fin, id_estado) values (17, 'Grammitis forbesiana W.H. Wagner', 'Phasellus sit amet erat. Nulla tempus. Vivamus in felis eu sapien cursus vestibulum.', 6591.9964, '4/3/2021', '4/16/2021', 3, '12:41', '4:57', 1);
insert into proyecto (id_proyecto, nombre_proyecto, descripcion, monto_recaudar, fecha_inicio, fecha_final, id_emprendedor, hora_inicio, hora_fin, id_estado) values (18, 'Sophora tomentosa L. var. truncata Torr. & A. Gray', 'Etiam vel augue. Vestibulum rutrum rutrum neque. Aenean auctor gravida sem.', 7809.8564, '4/14/2021', '4/17/2021', 29, '5:58', '14:31', 2);
insert into proyecto (id_proyecto, nombre_proyecto, descripcion, monto_recaudar, fecha_inicio, fecha_final, id_emprendedor, hora_inicio, hora_fin, id_estado) values (19, 'Pennisetum clandestinum Hochst. ex Chiov.', 'Maecenas leo odio, condimentum id, luctus nec, molestie sed, justo. Pellentesque viverra pede ac diam. Cras pellentesque volutpat dui.', 5350.8253, '4/6/2021', '4/17/2021', 12, '17:23', '12:37', 3);
insert into proyecto (id_proyecto, nombre_proyecto, descripcion, monto_recaudar, fecha_inicio, fecha_final, id_emprendedor, hora_inicio, hora_fin, id_estado) values (20, 'Solanum bahamense L. var. luxurians D''Arcy', 'Quisque id justo sit amet sapien dignissim vestibulum. Vestibulum ante ipsum primis in faucibus orci luctus et ultrices posuere cubilia Curae; Nulla dapibus dolor vel est. Donec odio justo, sollicitudin ut, suscipit a, feugiat et, eros.', 2360.9043, '4/19/2021', '4/19/2021', 1, '0:14', '14:06', 3);
insert into proyecto (id_proyecto, nombre_proyecto, descripcion, monto_recaudar, fecha_inicio, fecha_final, id_emprendedor, hora_inicio, hora_fin, id_estado) values (21, 'Quercus ×wagneri Gaynor', 'Fusce posuere felis sed lacus. Morbi sem mauris, laoreet ut, rhoncus aliquet, pulvinar sed, nisl. Nunc rhoncus dui vel sem.', 9773.5795, '4/2/2021', '4/18/2021', 17, '2:39', '6:43', 1);
insert into proyecto (id_proyecto, nombre_proyecto, descripcion, monto_recaudar, fecha_inicio, fecha_final, id_emprendedor, hora_inicio, hora_fin, id_estado) values (22, 'Allium nigrum L.', 'Duis aliquam convallis nunc. Proin at turpis a pede posuere nonummy. Integer non velit.', 2932.5915, '4/19/2021', '4/12/2021', 3, '9:10', '2:07', 1);
insert into proyecto (id_proyecto, nombre_proyecto, descripcion, monto_recaudar, fecha_inicio, fecha_final, id_emprendedor, hora_inicio, hora_fin, id_estado) values (23, 'Crepis foetida L. var. foetida', 'Quisque id justo sit amet sapien dignissim vestibulum. Vestibulum ante ipsum primis in faucibus orci luctus et ultrices posuere cubilia Curae; Nulla dapibus dolor vel est. Donec odio justo, sollicitudin ut, suscipit a, feugiat et, eros.', 8876.4275, '4/3/2021', '4/1/2021', 29, '3:13', '14:12', 1);
insert into proyecto (id_proyecto, nombre_proyecto, descripcion, monto_recaudar, fecha_inicio, fecha_final, id_emprendedor, hora_inicio, hora_fin, id_estado) values (24, 'Layia leucopappa D.D. Keck', 'Morbi porttitor lorem id ligula. Suspendisse ornare consequat lectus. In est risus, auctor sed, tristique in, tempus sit amet, sem.', 3965.9392, '4/13/2021', '4/11/2021', 24, '16:17', '9:16', 3);
insert into proyecto (id_proyecto, nombre_proyecto, descripcion, monto_recaudar, fecha_inicio, fecha_final, id_emprendedor, hora_inicio, hora_fin, id_estado) values (25, 'Rubus bigelovianus L.H. Bailey', 'Duis aliquam convallis nunc. Proin at turpis a pede posuere nonummy. Integer non velit.', 2438.0761, '4/12/2021', '4/11/2021', 8, '8:34', '19:20', 1);
insert into proyecto (id_proyecto, nombre_proyecto, descripcion, monto_recaudar, fecha_inicio, fecha_final, id_emprendedor, hora_inicio, hora_fin, id_estado) values (26, 'Chamissoa Kunth', 'Maecenas ut massa quis augue luctus tincidunt. Nulla mollis molestie lorem. Quisque ut erat.', 2262.3704, '4/17/2021', '4/6/2021', 30, '4:49', '1:14', 3);
insert into proyecto (id_proyecto, nombre_proyecto, descripcion, monto_recaudar, fecha_inicio, fecha_final, id_emprendedor, hora_inicio, hora_fin, id_estado) values (27, 'Symphoricarpos Duham.', 'Praesent id massa id nisl venenatis lacinia. Aenean sit amet justo. Morbi ut odio.', 1208.1351, '4/15/2021', '4/17/2021', 21, '12:02', '8:56', 3);
insert into proyecto (id_proyecto, nombre_proyecto, descripcion, monto_recaudar, fecha_inicio, fecha_final, id_emprendedor, hora_inicio, hora_fin, id_estado) values (28, 'Sporobolus vaginiflorus (Torr. ex A. Gray) Alph. Wood var. vaginiflorus', 'Integer tincidunt ante vel ipsum. Praesent blandit lacinia erat. Vestibulum sed magna at nunc commodo placerat.', 7161.0792, '4/5/2021', '4/14/2021', 11, '13:22', '20:37', 3);
insert into proyecto (id_proyecto, nombre_proyecto, descripcion, monto_recaudar, fecha_inicio, fecha_final, id_emprendedor, hora_inicio, hora_fin, id_estado) values (29, 'Sidalcea asprella Greene', 'Mauris enim leo, rhoncus sed, vestibulum sit amet, cursus id, turpis. Integer aliquet, massa id lobortis convallis, tortor risus dapibus augue, vel accumsan tellus nisi eu orci. Mauris lacinia sapien quis libero.', 9354.7033, '4/2/2021', '4/18/2021', 24, '21:14', '17:58', 1);
insert into proyecto (id_proyecto, nombre_proyecto, descripcion, monto_recaudar, fecha_inicio, fecha_final, id_emprendedor, hora_inicio, hora_fin, id_estado) values (30, 'Ribes sanguineum Pursh', 'Cras non velit nec nisi vulputate nonummy. Maecenas tincidunt lacus at velit. Vivamus vel nulla eget eros elementum pellentesque.', 2721.8938, '4/13/2021', '4/14/2021', 19, '1:10', '9:09', 1);
insert into proyecto (id_proyecto, nombre_proyecto, descripcion, monto_recaudar, fecha_inicio, fecha_final, id_emprendedor, hora_inicio, hora_fin, id_estado) values (31, 'Crepis modocensis Greene', 'Aliquam quis turpis eget elit sodales scelerisque. Mauris sit amet eros. Suspendisse accumsan tortor quis turpis.', 5530.5731, '4/2/2021', '4/8/2021', 3, '10:08', '22:36', 2);
insert into proyecto (id_proyecto, nombre_proyecto, descripcion, monto_recaudar, fecha_inicio, fecha_final, id_emprendedor, hora_inicio, hora_fin, id_estado) values (32, 'Leptosiphon pygmaeus (Brand) J.M. Porter & L.A. Johnson', 'In sagittis dui vel nisl. Duis ac nibh. Fusce lacus purus, aliquet at, feugiat non, pretium quis, lectus.', 9046.2957, '4/19/2021', '4/6/2021', 10, '6:53', '19:59', 3);
insert into proyecto (id_proyecto, nombre_proyecto, descripcion, monto_recaudar, fecha_inicio, fecha_final, id_emprendedor, hora_inicio, hora_fin, id_estado) values (33, 'Cuscuta reflexa Roxb.', 'Praesent id massa id nisl venenatis lacinia. Aenean sit amet justo. Morbi ut odio.', 8022.2408, '4/16/2021', '4/3/2021', 24, '23:41', '10:24', 2);
insert into proyecto (id_proyecto, nombre_proyecto, descripcion, monto_recaudar, fecha_inicio, fecha_final, id_emprendedor, hora_inicio, hora_fin, id_estado) values (34, 'Opegrapha niveoatra (Borrer) J.R. Laundon', 'In sagittis dui vel nisl. Duis ac nibh. Fusce lacus purus, aliquet at, feugiat non, pretium quis, lectus.', 5863.0245, '4/18/2021', '4/13/2021', 22, '8:56', '13:29', 3);
insert into proyecto (id_proyecto, nombre_proyecto, descripcion, monto_recaudar, fecha_inicio, fecha_final, id_emprendedor, hora_inicio, hora_fin, id_estado) values (35, 'Rumex ×dissimilis Rech. f. (pro sp.)', 'Proin leo odio, porttitor id, consequat in, consequat ut, nulla. Sed accumsan felis. Ut at dolor quis odio consequat varius.', 6947.8085, '4/4/2021', '4/11/2021', 29, '10:58', '20:48', 3);
insert into proyecto (id_proyecto, nombre_proyecto, descripcion, monto_recaudar, fecha_inicio, fecha_final, id_emprendedor, hora_inicio, hora_fin, id_estado) values (36, 'Phaeophyscia endococcinodes (Poelt) Essl.', 'Duis bibendum. Morbi non quam nec dui luctus rutrum. Nulla tellus.', 9329.3677, '4/12/2021', '4/16/2021', 26, '22:58', '13:34', 2);
insert into proyecto (id_proyecto, nombre_proyecto, descripcion, monto_recaudar, fecha_inicio, fecha_final, id_emprendedor, hora_inicio, hora_fin, id_estado) values (37, 'Agastache micrantha (A. Gray) Wooton & Standl.', 'Nullam porttitor lacus at turpis. Donec posuere metus vitae ipsum. Aliquam non mauris.', 1546.25, '4/4/2021', '4/14/2021', 20, '23:30', '19:13', 2);
insert into proyecto (id_proyecto, nombre_proyecto, descripcion, monto_recaudar, fecha_inicio, fecha_final, id_emprendedor, hora_inicio, hora_fin, id_estado) values (38, 'Minuartia arctica (Stev. ex Ser.) Graebn.', 'Phasellus sit amet erat. Nulla tempus. Vivamus in felis eu sapien cursus vestibulum.', 2979.2483, '4/16/2021', '4/11/2021', 30, '6:02', '21:33', 2);
insert into proyecto (id_proyecto, nombre_proyecto, descripcion, monto_recaudar, fecha_inicio, fecha_final, id_emprendedor, hora_inicio, hora_fin, id_estado) values (39, 'Tanacetum parthenium (L.) Sch. Bip.', 'Nullam sit amet turpis elementum ligula vehicula consequat. Morbi a ipsum. Integer a nibh.', 7468.8462, '4/19/2021', '4/5/2021', 27, '2:19', '6:48', 1);
insert into proyecto (id_proyecto, nombre_proyecto, descripcion, monto_recaudar, fecha_inicio, fecha_final, id_emprendedor, hora_inicio, hora_fin, id_estado) values (40, 'Keckiella rothrockii (A. Gray) Straw ssp. rothrockii', 'Maecenas leo odio, condimentum id, luctus nec, molestie sed, justo. Pellentesque viverra pede ac diam. Cras pellentesque volutpat dui.', 1944.0505, '4/17/2021', '4/16/2021', 26, '9:55', '5:46', 3);
insert into proyecto (id_proyecto, nombre_proyecto, descripcion, monto_recaudar, fecha_inicio, fecha_final, id_emprendedor, hora_inicio, hora_fin, id_estado) values (41, 'Smyrnium L.', 'Nullam porttitor lacus at turpis. Donec posuere metus vitae ipsum. Aliquam non mauris.', 8621.4192, '4/12/2021', '4/18/2021', 18, '23:33', '22:30', 2);
insert into proyecto (id_proyecto, nombre_proyecto, descripcion, monto_recaudar, fecha_inicio, fecha_final, id_emprendedor, hora_inicio, hora_fin, id_estado) values (42, 'Phoradendron capitellatum Torr. ex Trel.', 'Sed sagittis. Nam congue, risus semper porta volutpat, quam pede lobortis ligula, sit amet eleifend pede libero quis orci. Nullam molestie nibh in lectus.', 9393.9421, '4/4/2021', '4/3/2021', 2, '23:50', '23:37', 1);
insert into proyecto (id_proyecto, nombre_proyecto, descripcion, monto_recaudar, fecha_inicio, fecha_final, id_emprendedor, hora_inicio, hora_fin, id_estado) values (43, 'Cotoneaster dielsianus E. Pritz.', 'Nulla ut erat id mauris vulputate elementum. Nullam varius. Nulla facilisi.', 2567.7788, '4/13/2021', '4/6/2021', 1, '23:37', '0:21', 1);
insert into proyecto (id_proyecto, nombre_proyecto, descripcion, monto_recaudar, fecha_inicio, fecha_final, id_emprendedor, hora_inicio, hora_fin, id_estado) values (44, 'Desmanthus cooleyi (Eaton) Trel.', 'Curabitur in libero ut massa volutpat convallis. Morbi odio odio, elementum eu, interdum eu, tincidunt in, leo. Maecenas pulvinar lobortis est.', 6673.6503, '4/11/2021', '4/3/2021', 24, '3:11', '16:19', 2);
insert into proyecto (id_proyecto, nombre_proyecto, descripcion, monto_recaudar, fecha_inicio, fecha_final, id_emprendedor, hora_inicio, hora_fin, id_estado) values (45, 'Oplonia Raf.', 'Quisque porta volutpat erat. Quisque erat eros, viverra eget, congue eget, semper rutrum, nulla. Nunc purus.', 6997.868, '4/14/2021', '4/1/2021', 30, '21:46', '20:50', 2);
insert into proyecto (id_proyecto, nombre_proyecto, descripcion, monto_recaudar, fecha_inicio, fecha_final, id_emprendedor, hora_inicio, hora_fin, id_estado) values (46, 'Bolboschoenus maritimus (L.) Palla ssp. maritimus', 'In quis justo. Maecenas rhoncus aliquam lacus. Morbi quis tortor id nulla ultrices aliquet.', 6856.0734, '4/18/2021', '4/14/2021', 3, '14:41', '6:12', 2);
insert into proyecto (id_proyecto, nombre_proyecto, descripcion, monto_recaudar, fecha_inicio, fecha_final, id_emprendedor, hora_inicio, hora_fin, id_estado) values (47, 'Dendropemon (Blume) Schult. & Schult. f.', 'Cras mi pede, malesuada in, imperdiet et, commodo vulputate, justo. In blandit ultrices enim. Lorem ipsum dolor sit amet, consectetuer adipiscing elit.', 5231.7845, '4/18/2021', '4/13/2021', 28, '21:21', '15:36', 1);
insert into proyecto (id_proyecto, nombre_proyecto, descripcion, monto_recaudar, fecha_inicio, fecha_final, id_emprendedor, hora_inicio, hora_fin, id_estado) values (48, 'Symphyotrichum oolentangiense (Riddell) G.L. Nesom', 'Aliquam quis turpis eget elit sodales scelerisque. Mauris sit amet eros. Suspendisse accumsan tortor quis turpis.', 4313.0337, '4/10/2021', '4/10/2021', 18, '10:27', '1:53', 2);
insert into proyecto (id_proyecto, nombre_proyecto, descripcion, monto_recaudar, fecha_inicio, fecha_final, id_emprendedor, hora_inicio, hora_fin, id_estado) values (49, 'Stirtonia alba (Müll. Arg.) ?, ined.?', 'In hac habitasse platea dictumst. Morbi vestibulum, velit id pretium iaculis, diam erat fermentum justo, nec condimentum neque sapien placerat ante. Nulla justo.', 3897.6469, '4/16/2021', '4/15/2021', 28, '22:30', '22:11', 1);
insert into proyecto (id_proyecto, nombre_proyecto, descripcion, monto_recaudar, fecha_inicio, fecha_final, id_emprendedor, hora_inicio, hora_fin, id_estado) values (50, 'Tayloria Hook.', 'Cras non velit nec nisi vulputate nonummy. Maecenas tincidunt lacus at velit. Vivamus vel nulla eget eros elementum pellentesque.', 2228.124, '4/9/2021', '4/10/2021', 18, '9:01', '9:21', 1);
insert into proyecto (id_proyecto, nombre_proyecto, descripcion, monto_recaudar, fecha_inicio, fecha_final, id_emprendedor, hora_inicio, hora_fin, id_estado) values (51, 'Scleria caricina Benth.', 'Aenean lectus. Pellentesque eget nunc. Donec quis orci eget orci vehicula condimentum.', 9351.7915, '4/17/2021', '4/6/2021', 3, '12:27', '10:38', 2);
insert into proyecto (id_proyecto, nombre_proyecto, descripcion, monto_recaudar, fecha_inicio, fecha_final, id_emprendedor, hora_inicio, hora_fin, id_estado) values (52, 'Sidalcea malviflora (DC.) A. Gray ex Benth. ssp. virgata (Howell) C.L. Hitchc.', 'Sed sagittis. Nam congue, risus semper porta volutpat, quam pede lobortis ligula, sit amet eleifend pede libero quis orci. Nullam molestie nibh in lectus.', 1335.4707, '4/17/2021', '4/4/2021', 1, '22:47', '22:23', 1);
insert into proyecto (id_proyecto, nombre_proyecto, descripcion, monto_recaudar, fecha_inicio, fecha_final, id_emprendedor, hora_inicio, hora_fin, id_estado) values (53, 'Cucumeropsis Naudin', 'Sed sagittis. Nam congue, risus semper porta volutpat, quam pede lobortis ligula, sit amet eleifend pede libero quis orci. Nullam molestie nibh in lectus.', 7000.4916, '4/12/2021', '4/6/2021', 5, '16:55', '23:07', 1);
insert into proyecto (id_proyecto, nombre_proyecto, descripcion, monto_recaudar, fecha_inicio, fecha_final, id_emprendedor, hora_inicio, hora_fin, id_estado) values (54, 'Calochortus coxii M. Godfrey & F. Callahan', 'Phasellus in felis. Donec semper sapien a libero. Nam dui.', 4681.3639, '4/14/2021', '4/17/2021', 12, '10:41', '23:00', 2);
insert into proyecto (id_proyecto, nombre_proyecto, descripcion, monto_recaudar, fecha_inicio, fecha_final, id_emprendedor, hora_inicio, hora_fin, id_estado) values (55, 'Viola patrinii DC.', 'Nam ultrices, libero non mattis pulvinar, nulla pede ullamcorper augue, a suscipit nulla elit ac nulla. Sed vel enim sit amet nunc viverra dapibus. Nulla suscipit ligula in lacus.', 9179.5611, '4/10/2021', '4/3/2021', 12, '16:51', '17:28', 2);
insert into proyecto (id_proyecto, nombre_proyecto, descripcion, monto_recaudar, fecha_inicio, fecha_final, id_emprendedor, hora_inicio, hora_fin, id_estado) values (56, 'Hieracium cynoglossoides Arv.-Touv.', 'Aenean fermentum. Donec ut mauris eget massa tempor convallis. Nulla neque libero, convallis eget, eleifend luctus, ultricies eu, nibh.', 2490.12, '4/10/2021', '4/13/2021', 6, '23:53', '15:58', 1);
insert into proyecto (id_proyecto, nombre_proyecto, descripcion, monto_recaudar, fecha_inicio, fecha_final, id_emprendedor, hora_inicio, hora_fin, id_estado) values (57, 'Polygala cornuta Kellogg var. fishiae (Parry) Jeps.', 'Duis aliquam convallis nunc. Proin at turpis a pede posuere nonummy. Integer non velit.', 8933.7334, '4/1/2021', '4/19/2021', 12, '4:46', '5:15', 3);
insert into proyecto (id_proyecto, nombre_proyecto, descripcion, monto_recaudar, fecha_inicio, fecha_final, id_emprendedor, hora_inicio, hora_fin, id_estado) values (58, 'Matelea biflora (Raf.) Woodson', 'Integer tincidunt ante vel ipsum. Praesent blandit lacinia erat. Vestibulum sed magna at nunc commodo placerat.', 7333.0214, '4/15/2021', '4/18/2021', 2, '10:49', '17:58', 3);
insert into proyecto (id_proyecto, nombre_proyecto, descripcion, monto_recaudar, fecha_inicio, fecha_final, id_emprendedor, hora_inicio, hora_fin, id_estado) values (59, 'Dubautia laxa Hook. & Arn. ssp. laxa', 'Nulla ut erat id mauris vulputate elementum. Nullam varius. Nulla facilisi.', 5625.4707, '4/18/2021', '4/18/2021', 27, '7:00', '13:16', 3);
insert into proyecto (id_proyecto, nombre_proyecto, descripcion, monto_recaudar, fecha_inicio, fecha_final, id_emprendedor, hora_inicio, hora_fin, id_estado) values (60, 'Rubus prestonensis H.A. Davis & T. Davis', 'Aenean fermentum. Donec ut mauris eget massa tempor convallis. Nulla neque libero, convallis eget, eleifend luctus, ultricies eu, nibh.', 7291.7177, '4/14/2021', '4/13/2021', 1, '22:49', '23:25', 1);
insert into proyecto (id_proyecto, nombre_proyecto, descripcion, monto_recaudar, fecha_inicio, fecha_final, id_emprendedor, hora_inicio, hora_fin, id_estado) values (61, 'Ajuga pyramidalis L.', 'Fusce consequat. Nulla nisl. Nunc nisl.', 3374.8235, '4/13/2021', '4/2/2021', 23, '5:55', '2:54', 1);
insert into proyecto (id_proyecto, nombre_proyecto, descripcion, monto_recaudar, fecha_inicio, fecha_final, id_emprendedor, hora_inicio, hora_fin, id_estado) values (62, 'Bryoria simplicior (Vain.) Brodo & D. Hawksw.', 'In sagittis dui vel nisl. Duis ac nibh. Fusce lacus purus, aliquet at, feugiat non, pretium quis, lectus.', 6727.2581, '4/3/2021', '4/6/2021', 15, '23:58', '9:23', 2);
insert into proyecto (id_proyecto, nombre_proyecto, descripcion, monto_recaudar, fecha_inicio, fecha_final, id_emprendedor, hora_inicio, hora_fin, id_estado) values (63, 'Ramalina subleptocarpha Rundel & Bowler', 'Morbi porttitor lorem id ligula. Suspendisse ornare consequat lectus. In est risus, auctor sed, tristique in, tempus sit amet, sem.', 5847.2481, '4/12/2021', '4/17/2021', 3, '21:00', '1:16', 3);
insert into proyecto (id_proyecto, nombre_proyecto, descripcion, monto_recaudar, fecha_inicio, fecha_final, id_emprendedor, hora_inicio, hora_fin, id_estado) values (64, 'Delphinium hansenii (Greene) Greene ssp. hansenii', 'In hac habitasse platea dictumst. Etiam faucibus cursus urna. Ut tellus.', 6028.6315, '4/4/2021', '4/14/2021', 4, '19:16', '4:09', 1);
insert into proyecto (id_proyecto, nombre_proyecto, descripcion, monto_recaudar, fecha_inicio, fecha_final, id_emprendedor, hora_inicio, hora_fin, id_estado) values (65, 'Eriogonum brevicaule Nutt.', 'Integer tincidunt ante vel ipsum. Praesent blandit lacinia erat. Vestibulum sed magna at nunc commodo placerat.', 5328.9548, '4/14/2021', '4/12/2021', 19, '6:48', '16:14', 2);
insert into proyecto (id_proyecto, nombre_proyecto, descripcion, monto_recaudar, fecha_inicio, fecha_final, id_emprendedor, hora_inicio, hora_fin, id_estado) values (66, 'Amphibromus neesii Steud.', 'Donec diam neque, vestibulum eget, vulputate ut, ultrices vel, augue. Vestibulum ante ipsum primis in faucibus orci luctus et ultrices posuere cubilia Curae; Donec pharetra, magna vestibulum aliquet ultrices, erat tortor sollicitudin mi, sit amet lobortis sapien sapien non mi. Integer ac neque.', 1590.0415, '4/11/2021', '4/16/2021', 20, '23:31', '0:14', 3);
insert into proyecto (id_proyecto, nombre_proyecto, descripcion, monto_recaudar, fecha_inicio, fecha_final, id_emprendedor, hora_inicio, hora_fin, id_estado) values (67, 'Platanthera flava (L.) Lindl. var. flava', 'In quis justo. Maecenas rhoncus aliquam lacus. Morbi quis tortor id nulla ultrices aliquet.', 6998.5993, '4/13/2021', '4/8/2021', 15, '14:03', '0:32', 2);
insert into proyecto (id_proyecto, nombre_proyecto, descripcion, monto_recaudar, fecha_inicio, fecha_final, id_emprendedor, hora_inicio, hora_fin, id_estado) values (68, 'Solanum fendleri A. Gray ex Torr.', 'Praesent blandit. Nam nulla. Integer pede justo, lacinia eget, tincidunt eget, tempus vel, pede.', 6440.6601, '4/16/2021', '4/11/2021', 16, '21:47', '8:26', 2);
insert into proyecto (id_proyecto, nombre_proyecto, descripcion, monto_recaudar, fecha_inicio, fecha_final, id_emprendedor, hora_inicio, hora_fin, id_estado) values (69, 'Sarcocornia perennis (Mill.) A.J. Scott', 'Nam ultrices, libero non mattis pulvinar, nulla pede ullamcorper augue, a suscipit nulla elit ac nulla. Sed vel enim sit amet nunc viverra dapibus. Nulla suscipit ligula in lacus.', 6510.3181, '4/2/2021', '4/14/2021', 2, '13:08', '13:05', 2);
insert into proyecto (id_proyecto, nombre_proyecto, descripcion, monto_recaudar, fecha_inicio, fecha_final, id_emprendedor, hora_inicio, hora_fin, id_estado) values (70, 'Dryopteris ×mickelii J.H. Peck', 'Pellentesque at nulla. Suspendisse potenti. Cras in purus eu magna vulputate luctus.', 5113.1705, '4/6/2021', '4/18/2021', 17, '5:29', '2:45', 2);
insert into proyecto (id_proyecto, nombre_proyecto, descripcion, monto_recaudar, fecha_inicio, fecha_final, id_emprendedor, hora_inicio, hora_fin, id_estado) values (71, 'Centaurea sulphurea Willd.', 'Phasellus in felis. Donec semper sapien a libero. Nam dui.', 9642.5221, '4/10/2021', '4/8/2021', 21, '2:28', '18:39', 1);
insert into proyecto (id_proyecto, nombre_proyecto, descripcion, monto_recaudar, fecha_inicio, fecha_final, id_emprendedor, hora_inicio, hora_fin, id_estado) values (72, 'Cyanea pycnocarpa (Hillebr.) E. Wimm.', 'Nullam porttitor lacus at turpis. Donec posuere metus vitae ipsum. Aliquam non mauris.', 9976.3596, '4/14/2021', '4/7/2021', 24, '12:49', '8:40', 3);
insert into proyecto (id_proyecto, nombre_proyecto, descripcion, monto_recaudar, fecha_inicio, fecha_final, id_emprendedor, hora_inicio, hora_fin, id_estado) values (73, 'Symphyotrichum laeve (L.) Á. Löve & D. Löve var. laeve', 'Morbi non lectus. Aliquam sit amet diam in magna bibendum imperdiet. Nullam orci pede, venenatis non, sodales sed, tincidunt eu, felis.', 5208.8702, '4/19/2021', '4/16/2021', 30, '9:30', '13:23', 2);
insert into proyecto (id_proyecto, nombre_proyecto, descripcion, monto_recaudar, fecha_inicio, fecha_final, id_emprendedor, hora_inicio, hora_fin, id_estado) values (74, 'Limnanthes bakeri J.T. Howell', 'Nulla ut erat id mauris vulputate elementum. Nullam varius. Nulla facilisi.', 4555.3283, '4/4/2021', '4/10/2021', 13, '19:48', '1:06', 1);
insert into proyecto (id_proyecto, nombre_proyecto, descripcion, monto_recaudar, fecha_inicio, fecha_final, id_emprendedor, hora_inicio, hora_fin, id_estado) values (75, 'Delphinium californicum Torr. & A. Gray ssp. interius (Eastw.) Ewan', 'Curabitur in libero ut massa volutpat convallis. Morbi odio odio, elementum eu, interdum eu, tincidunt in, leo. Maecenas pulvinar lobortis est.', 1156.3976, '4/17/2021', '4/15/2021', 17, '6:22', '1:14', 2);
insert into proyecto (id_proyecto, nombre_proyecto, descripcion, monto_recaudar, fecha_inicio, fecha_final, id_emprendedor, hora_inicio, hora_fin, id_estado) values (76, 'Antirhea obtusifolia Urb.', 'Maecenas tristique, est et tempus semper, est quam pharetra magna, ac consequat metus sapien ut nunc. Vestibulum ante ipsum primis in faucibus orci luctus et ultrices posuere cubilia Curae; Mauris viverra diam vitae quam. Suspendisse potenti.', 3219.1755, '4/17/2021', '4/11/2021', 24, '9:26', '6:33', 2);
insert into proyecto (id_proyecto, nombre_proyecto, descripcion, monto_recaudar, fecha_inicio, fecha_final, id_emprendedor, hora_inicio, hora_fin, id_estado) values (77, 'Erigeron lassenianus Greene var. deficiens Cronquist', 'Vestibulum quam sapien, varius ut, blandit non, interdum in, ante. Vestibulum ante ipsum primis in faucibus orci luctus et ultrices posuere cubilia Curae; Duis faucibus accumsan odio. Curabitur convallis.', 4586.0961, '4/2/2021', '4/10/2021', 14, '20:07', '9:07', 1);
insert into proyecto (id_proyecto, nombre_proyecto, descripcion, monto_recaudar, fecha_inicio, fecha_final, id_emprendedor, hora_inicio, hora_fin, id_estado) values (78, 'Philadelphus microphyllus A. Gray', 'Donec diam neque, vestibulum eget, vulputate ut, ultrices vel, augue. Vestibulum ante ipsum primis in faucibus orci luctus et ultrices posuere cubilia Curae; Donec pharetra, magna vestibulum aliquet ultrices, erat tortor sollicitudin mi, sit amet lobortis sapien sapien non mi. Integer ac neque.', 5378.6965, '4/8/2021', '4/12/2021', 9, '22:28', '9:50', 3);
insert into proyecto (id_proyecto, nombre_proyecto, descripcion, monto_recaudar, fecha_inicio, fecha_final, id_emprendedor, hora_inicio, hora_fin, id_estado) values (79, 'Dubautia plantaginea Gaudich. ssp. plantaginea', 'Quisque porta volutpat erat. Quisque erat eros, viverra eget, congue eget, semper rutrum, nulla. Nunc purus.', 8160.4356, '4/5/2021', '4/17/2021', 19, '0:12', '23:09', 1);
insert into proyecto (id_proyecto, nombre_proyecto, descripcion, monto_recaudar, fecha_inicio, fecha_final, id_emprendedor, hora_inicio, hora_fin, id_estado) values (80, 'Chamaechaenactis Rydb.', 'Mauris enim leo, rhoncus sed, vestibulum sit amet, cursus id, turpis. Integer aliquet, massa id lobortis convallis, tortor risus dapibus augue, vel accumsan tellus nisi eu orci. Mauris lacinia sapien quis libero.', 8550.5891, '4/3/2021', '4/7/2021', 6, '7:00', '5:54', 2);
insert into proyecto (id_proyecto, nombre_proyecto, descripcion, monto_recaudar, fecha_inicio, fecha_final, id_emprendedor, hora_inicio, hora_fin, id_estado) values (81, 'Mimulus congdonii B.L. Rob.', 'Pellentesque at nulla. Suspendisse potenti. Cras in purus eu magna vulputate luctus.', 2117.1107, '4/5/2021', '4/16/2021', 23, '11:19', '9:11', 2);
insert into proyecto (id_proyecto, nombre_proyecto, descripcion, monto_recaudar, fecha_inicio, fecha_final, id_emprendedor, hora_inicio, hora_fin, id_estado) values (82, 'Heuchera parvifolia Nutt. ex Torr. & A. Gray', 'Proin eu mi. Nulla ac enim. In tempor, turpis nec euismod scelerisque, quam turpis adipiscing lorem, vitae mattis nibh ligula nec sem.', 7552.9218, '4/2/2021', '4/18/2021', 27, '0:48', '20:53', 1);
insert into proyecto (id_proyecto, nombre_proyecto, descripcion, monto_recaudar, fecha_inicio, fecha_final, id_emprendedor, hora_inicio, hora_fin, id_estado) values (83, 'Lomatium scabrum (J.M. Coult. & Rose) Mathias', 'Aenean lectus. Pellentesque eget nunc. Donec quis orci eget orci vehicula condimentum.', 3145.6335, '4/5/2021', '4/1/2021', 16, '21:40', '9:52', 1);
insert into proyecto (id_proyecto, nombre_proyecto, descripcion, monto_recaudar, fecha_inicio, fecha_final, id_emprendedor, hora_inicio, hora_fin, id_estado) values (84, 'Ericameria nauseosa (Pall. ex Pursh) G.L. Nesom & Baird ssp. nauseosa var. glareosa (M.E. Jones) G.L. Nesom & Baird', 'Aenean fermentum. Donec ut mauris eget massa tempor convallis. Nulla neque libero, convallis eget, eleifend luctus, ultricies eu, nibh.', 4616.8011, '4/9/2021', '4/4/2021', 30, '21:12', '20:26', 1);
insert into proyecto (id_proyecto, nombre_proyecto, descripcion, monto_recaudar, fecha_inicio, fecha_final, id_emprendedor, hora_inicio, hora_fin, id_estado) values (85, 'Eriogonum jamesii Benth. var. simplex Gandog.', 'Praesent blandit. Nam nulla. Integer pede justo, lacinia eget, tincidunt eget, tempus vel, pede.', 7589.4542, '4/2/2021', '4/14/2021', 8, '22:00', '11:04', 1);
insert into proyecto (id_proyecto, nombre_proyecto, descripcion, monto_recaudar, fecha_inicio, fecha_final, id_emprendedor, hora_inicio, hora_fin, id_estado) values (86, 'Perityle staurophylla (Barneby) Shinners var. homoflora T.K. Todsen', 'Duis consequat dui nec nisi volutpat eleifend. Donec ut dolor. Morbi vel lectus in quam fringilla rhoncus.', 4264.9713, '4/7/2021', '4/9/2021', 7, '3:36', '1:59', 3);
insert into proyecto (id_proyecto, nombre_proyecto, descripcion, monto_recaudar, fecha_inicio, fecha_final, id_emprendedor, hora_inicio, hora_fin, id_estado) values (87, 'Packera debilis (Nutt.) W.A. Weber & Á. Löve', 'Cum sociis natoque penatibus et magnis dis parturient montes, nascetur ridiculus mus. Vivamus vestibulum sagittis sapien. Cum sociis natoque penatibus et magnis dis parturient montes, nascetur ridiculus mus.', 8904.8663, '4/13/2021', '4/2/2021', 28, '19:12', '4:51', 2);
insert into proyecto (id_proyecto, nombre_proyecto, descripcion, monto_recaudar, fecha_inicio, fecha_final, id_emprendedor, hora_inicio, hora_fin, id_estado) values (88, 'Penstemon acuminatus Douglas ex Lindl. var. acuminatus', 'Nam ultrices, libero non mattis pulvinar, nulla pede ullamcorper augue, a suscipit nulla elit ac nulla. Sed vel enim sit amet nunc viverra dapibus. Nulla suscipit ligula in lacus.', 9950.1644, '4/17/2021', '4/11/2021', 17, '13:15', '21:26', 1);
insert into proyecto (id_proyecto, nombre_proyecto, descripcion, monto_recaudar, fecha_inicio, fecha_final, id_emprendedor, hora_inicio, hora_fin, id_estado) values (89, 'Hieracium maculatum Sm.', 'Sed sagittis. Nam congue, risus semper porta volutpat, quam pede lobortis ligula, sit amet eleifend pede libero quis orci. Nullam molestie nibh in lectus.', 5120.3936, '4/1/2021', '4/14/2021', 2, '5:05', '11:04', 3);
insert into proyecto (id_proyecto, nombre_proyecto, descripcion, monto_recaudar, fecha_inicio, fecha_final, id_emprendedor, hora_inicio, hora_fin, id_estado) values (90, 'Lonicera maackii (Rupr.) Herder', 'In congue. Etiam justo. Etiam pretium iaculis justo.', 9667.3284, '4/6/2021', '4/13/2021', 3, '1:32', '19:20', 3);
insert into proyecto (id_proyecto, nombre_proyecto, descripcion, monto_recaudar, fecha_inicio, fecha_final, id_emprendedor, hora_inicio, hora_fin, id_estado) values (91, 'Crataegus jesupii Sarg.', 'Duis bibendum, felis sed interdum venenatis, turpis enim blandit mi, in porttitor pede justo eu massa. Donec dapibus. Duis at velit eu est congue elementum.', 8626.0227, '4/18/2021', '4/8/2021', 5, '2:10', '18:26', 1);
insert into proyecto (id_proyecto, nombre_proyecto, descripcion, monto_recaudar, fecha_inicio, fecha_final, id_emprendedor, hora_inicio, hora_fin, id_estado) values (92, 'Pogogyne ziziphoroides Benth.', 'Duis consequat dui nec nisi volutpat eleifend. Donec ut dolor. Morbi vel lectus in quam fringilla rhoncus.', 8995.4075, '4/11/2021', '4/18/2021', 15, '23:44', '17:11', 3);
insert into proyecto (id_proyecto, nombre_proyecto, descripcion, monto_recaudar, fecha_inicio, fecha_final, id_emprendedor, hora_inicio, hora_fin, id_estado) values (93, 'Lepyrodiclis Fenzl', 'Etiam vel augue. Vestibulum rutrum rutrum neque. Aenean auctor gravida sem.', 7046.319, '4/19/2021', '4/1/2021', 4, '1:45', '2:21', 1);
insert into proyecto (id_proyecto, nombre_proyecto, descripcion, monto_recaudar, fecha_inicio, fecha_final, id_emprendedor, hora_inicio, hora_fin, id_estado) values (94, 'Delphinium parishii A. Gray', 'Phasellus sit amet erat. Nulla tempus. Vivamus in felis eu sapien cursus vestibulum.', 3613.6281, '4/8/2021', '4/14/2021', 12, '22:58', '23:55', 3);
insert into proyecto (id_proyecto, nombre_proyecto, descripcion, monto_recaudar, fecha_inicio, fecha_final, id_emprendedor, hora_inicio, hora_fin, id_estado) values (95, 'Bruchia vogesiaca Nestl. ex Schwägr.', 'Integer tincidunt ante vel ipsum. Praesent blandit lacinia erat. Vestibulum sed magna at nunc commodo placerat.', 2487.924, '4/13/2021', '4/15/2021', 12, '8:14', '7:34', 1);
insert into proyecto (id_proyecto, nombre_proyecto, descripcion, monto_recaudar, fecha_inicio, fecha_final, id_emprendedor, hora_inicio, hora_fin, id_estado) values (96, 'Amaranthus muricatus (Gillies ex Moq.) Gillies ex Hieron.', 'Aenean lectus. Pellentesque eget nunc. Donec quis orci eget orci vehicula condimentum.', 4979.496, '4/4/2021', '4/19/2021', 12, '5:09', '22:38', 3);
insert into proyecto (id_proyecto, nombre_proyecto, descripcion, monto_recaudar, fecha_inicio, fecha_final, id_emprendedor, hora_inicio, hora_fin, id_estado) values (97, 'Collinsia torreyi A. Gray var. torreyi', 'In congue. Etiam justo. Etiam pretium iaculis justo.', 2243.1402, '4/16/2021', '4/16/2021', 16, '21:22', '14:39', 3);
insert into proyecto (id_proyecto, nombre_proyecto, descripcion, monto_recaudar, fecha_inicio, fecha_final, id_emprendedor, hora_inicio, hora_fin, id_estado) values (98, 'Calystegia hederacea Wall.', 'Cras non velit nec nisi vulputate nonummy. Maecenas tincidunt lacus at velit. Vivamus vel nulla eget eros elementum pellentesque.', 4747.5749, '4/8/2021', '4/5/2021', 4, '10:50', '10:48', 3);
insert into proyecto (id_proyecto, nombre_proyecto, descripcion, monto_recaudar, fecha_inicio, fecha_final, id_emprendedor, hora_inicio, hora_fin, id_estado) values (99, 'Saxifraga odontoloma Piper', 'Aenean lectus. Pellentesque eget nunc. Donec quis orci eget orci vehicula condimentum.', 2189.8602, '4/7/2021', '4/17/2021', 26, '9:39', '16:40', 3);
insert into proyecto (id_proyecto, nombre_proyecto, descripcion, monto_recaudar, fecha_inicio, fecha_final, id_emprendedor, hora_inicio, hora_fin, id_estado) values (100, 'Multiclavula R. Petersen', 'Duis bibendum. Morbi non quam nec dui luctus rutrum. Nulla tellus.', 9623.5663, '4/10/2021', '4/15/2021', 5, '6:22', '2:42', 1);
-- donacion
insert into donacion (id_donacion, id_proyecto, id_donador, fecha_donacion, monto, hora) values (1, 4, 7, '4/6/2021', 1991.5421, '9:00');
insert into donacion (id_donacion, id_proyecto, id_donador, fecha_donacion, monto, hora) values (2, 14, 13, '4/9/2021', 1391.6174, '13:39');
insert into donacion (id_donacion, id_proyecto, id_donador, fecha_donacion, monto, hora) values (3, 2, 6, '4/17/2021', 1273.4522, '2:49');
insert into donacion (id_donacion, id_proyecto, id_donador, fecha_donacion, monto, hora) values (4, 11, 12, '4/9/2021', 1837.5157, '6:58');
insert into donacion (id_donacion, id_proyecto, id_donador, fecha_donacion, monto, hora) values (5, 48, 14, '4/3/2021', 951.8861, '21:51');
insert into donacion (id_donacion, id_proyecto, id_donador, fecha_donacion, monto, hora) values (6, 46, 6, '4/3/2021', 119.009, '1:07');
insert into donacion (id_donacion, id_proyecto, id_donador, fecha_donacion, monto, hora) values (7, 32, 9, '4/10/2021', 125.3358, '21:56');
insert into donacion (id_donacion, id_proyecto, id_donador, fecha_donacion, monto, hora) values (8, 47, 6, '4/5/2021', 584.4375, '14:50');
insert into donacion (id_donacion, id_proyecto, id_donador, fecha_donacion, monto, hora) values (9, 11, 20, '4/6/2021', 179.2625, '13:38');
insert into donacion (id_donacion, id_proyecto, id_donador, fecha_donacion, monto, hora) values (10, 44, 25, '4/6/2021', 1509.3868, '4:37');
insert into donacion (id_donacion, id_proyecto, id_donador, fecha_donacion, monto, hora) values (11, 32, 27, '4/10/2021', 279.2339, '9:21');
insert into donacion (id_donacion, id_proyecto, id_donador, fecha_donacion, monto, hora) values (12, 9, 24, '4/19/2021', 1715.7071, '1:08');
insert into donacion (id_donacion, id_proyecto, id_donador, fecha_donacion, monto, hora) values (13, 6, 1, '4/5/2021', 918.5662, '23:17');
insert into donacion (id_donacion, id_proyecto, id_donador, fecha_donacion, monto, hora) values (14, 15, 25, '4/8/2021', 1121.0232, '15:19');
insert into donacion (id_donacion, id_proyecto, id_donador, fecha_donacion, monto, hora) values (15, 25, 14, '4/11/2021', 1735.1384, '14:46');
insert into donacion (id_donacion, id_proyecto, id_donador, fecha_donacion, monto, hora) values (16, 11, 20, '4/2/2021', 191.9949, '18:35');
insert into donacion (id_donacion, id_proyecto, id_donador, fecha_donacion, monto, hora) values (17, 33, 18, '4/11/2021', 945.4221, '1:24');
insert into donacion (id_donacion, id_proyecto, id_donador, fecha_donacion, monto, hora) values (18, 1, 11, '4/7/2021', 826.4421, '20:36');
insert into donacion (id_donacion, id_proyecto, id_donador, fecha_donacion, monto, hora) values (19, 12, 3, '4/9/2021', 1175.5839, '19:20');
insert into donacion (id_donacion, id_proyecto, id_donador, fecha_donacion, monto, hora) values (20, 14, 23, '4/8/2021', 1633.9553, '5:39');
insert into donacion (id_donacion, id_proyecto, id_donador, fecha_donacion, monto, hora) values (21, 13, 17, '4/6/2021', 443.2642, '4:33');
insert into donacion (id_donacion, id_proyecto, id_donador, fecha_donacion, monto, hora) values (22, 11, 24, '4/3/2021', 435.6508, '11:51');
insert into donacion (id_donacion, id_proyecto, id_donador, fecha_donacion, monto, hora) values (23, 29, 15, '4/8/2021', 24.5023, '11:22');
insert into donacion (id_donacion, id_proyecto, id_donador, fecha_donacion, monto, hora) values (24, 39, 27, '4/4/2021', 858.1712, '23:00');
insert into donacion (id_donacion, id_proyecto, id_donador, fecha_donacion, monto, hora) values (25, 24, 7, '4/8/2021', 809.0187, '16:57');
insert into donacion (id_donacion, id_proyecto, id_donador, fecha_donacion, monto, hora) values (26, 20, 15, '4/9/2021', 632.6095, '14:56');
insert into donacion (id_donacion, id_proyecto, id_donador, fecha_donacion, monto, hora) values (27, 50, 23, '4/11/2021', 1120.2884, '21:01');
insert into donacion (id_donacion, id_proyecto, id_donador, fecha_donacion, monto, hora) values (28, 32, 2, '4/2/2021', 1529.6296, '1:42');
insert into donacion (id_donacion, id_proyecto, id_donador, fecha_donacion, monto, hora) values (29, 7, 15, '4/13/2021', 179.7786, '5:00');
insert into donacion (id_donacion, id_proyecto, id_donador, fecha_donacion, monto, hora) values (30, 9, 22, '4/2/2021', 265.0864, '19:23');
insert into donacion (id_donacion, id_proyecto, id_donador, fecha_donacion, monto, hora) values (31, 10, 11, '4/2/2021', 506.4381, '16:32');
insert into donacion (id_donacion, id_proyecto, id_donador, fecha_donacion, monto, hora) values (32, 30, 6, '4/14/2021', 1414.564, '0:41');
insert into donacion (id_donacion, id_proyecto, id_donador, fecha_donacion, monto, hora) values (33, 44, 10, '4/19/2021', 1671.5441, '18:25');
insert into donacion (id_donacion, id_proyecto, id_donador, fecha_donacion, monto, hora) values (34, 25, 1, '4/5/2021', 562.3028, '5:58');
insert into donacion (id_donacion, id_proyecto, id_donador, fecha_donacion, monto, hora) values (35, 41, 14, '4/4/2021', 1451.7432, '19:36');
insert into donacion (id_donacion, id_proyecto, id_donador, fecha_donacion, monto, hora) values (36, 8, 19, '4/2/2021', 629.5782, '6:23');
insert into donacion (id_donacion, id_proyecto, id_donador, fecha_donacion, monto, hora) values (37, 45, 29, '4/9/2021', 1189.4137, '7:44');
insert into donacion (id_donacion, id_proyecto, id_donador, fecha_donacion, monto, hora) values (38, 15, 2, '4/8/2021', 1033.8764, '12:38');
insert into donacion (id_donacion, id_proyecto, id_donador, fecha_donacion, monto, hora) values (39, 38, 30, '4/15/2021', 549.2477, '22:03');
insert into donacion (id_donacion, id_proyecto, id_donador, fecha_donacion, monto, hora) values (40, 39, 14, '4/12/2021', 116.2751, '4:01');
insert into donacion (id_donacion, id_proyecto, id_donador, fecha_donacion, monto, hora) values (41, 9, 21, '4/8/2021', 425.4275, '13:20');
insert into donacion (id_donacion, id_proyecto, id_donador, fecha_donacion, monto, hora) values (42, 39, 28, '4/4/2021', 32.366, '4:50');
insert into donacion (id_donacion, id_proyecto, id_donador, fecha_donacion, monto, hora) values (43, 10, 27, '4/8/2021', 1041.8906, '10:16');
insert into donacion (id_donacion, id_proyecto, id_donador, fecha_donacion, monto, hora) values (44, 5, 30, '4/18/2021', 1295.4976, '8:18');
insert into donacion (id_donacion, id_proyecto, id_donador, fecha_donacion, monto, hora) values (45, 44, 22, '4/10/2021', 415.7483, '11:23');
insert into donacion (id_donacion, id_proyecto, id_donador, fecha_donacion, monto, hora) values (46, 18, 3, '4/1/2021', 1623.538, '16:53');
insert into donacion (id_donacion, id_proyecto, id_donador, fecha_donacion, monto, hora) values (47, 29, 22, '4/19/2021', 1079.2068, '2:37');
insert into donacion (id_donacion, id_proyecto, id_donador, fecha_donacion, monto, hora) values (48, 48, 4, '4/10/2021', 1161.3132, '10:17');
insert into donacion (id_donacion, id_proyecto, id_donador, fecha_donacion, monto, hora) values (49, 43, 7, '4/1/2021', 940.3912, '0:08');
insert into donacion (id_donacion, id_proyecto, id_donador, fecha_donacion, monto, hora) values (50, 7, 20, '4/12/2021', 440.5296, '23:05');
-- imagen-donacion
insert into imagen_proyecto (id_imagen, id_proyecto, descripcion) values (1, 1, 'Duis bibendum, felis sed interdum venenatis, turpis enim blandit mi, in porttitor pede justo eu massa. Donec dapibus. Duis at velit eu est congue elementum.');
insert into imagen_proyecto (id_imagen, id_proyecto, descripcion) values (2, 2, 'Lorem ipsum dolor sit amet, consectetuer adipiscing elit. Proin risus. Praesent lectus.');
insert into imagen_proyecto (id_imagen, id_proyecto, descripcion) values (3, 3, 'Mauris enim leo, rhoncus sed, vestibulum sit amet, cursus id, turpis. Integer aliquet, massa id lobortis convallis, tortor risus dapibus augue, vel accumsan tellus nisi eu orci. Mauris lacinia sapien quis libero.');
insert into imagen_proyecto (id_imagen, id_proyecto, descripcion) values (4, 4, 'Lorem ipsum dolor sit amet, consectetuer adipiscing elit. Proin risus. Praesent lectus.');
insert into imagen_proyecto (id_imagen, id_proyecto, descripcion) values (5, 5, 'Morbi porttitor lorem id ligula. Suspendisse ornare consequat lectus. In est risus, auctor sed, tristique in, tempus sit amet, sem.');
insert into imagen_proyecto (id_imagen, id_proyecto, descripcion) values (6, 6, 'Morbi porttitor lorem id ligula. Suspendisse ornare consequat lectus. In est risus, auctor sed, tristique in, tempus sit amet, sem.');
insert into imagen_proyecto (id_imagen, id_proyecto, descripcion) values (7, 7, 'In hac habitasse platea dictumst. Etiam faucibus cursus urna. Ut tellus.');
insert into imagen_proyecto (id_imagen, id_proyecto, descripcion) values (8, 8, 'Sed sagittis. Nam congue, risus semper porta volutpat, quam pede lobortis ligula, sit amet eleifend pede libero quis orci. Nullam molestie nibh in lectus.');
insert into imagen_proyecto (id_imagen, id_proyecto, descripcion) values (9, 9, 'Nullam sit amet turpis elementum ligula vehicula consequat. Morbi a ipsum. Integer a nibh.');
insert into imagen_proyecto (id_imagen, id_proyecto, descripcion) values (10, 10, 'Morbi porttitor lorem id ligula. Suspendisse ornare consequat lectus. In est risus, auctor sed, tristique in, tempus sit amet, sem.');
insert into imagen_proyecto (id_imagen, id_proyecto, descripcion) values (11, 11, 'Integer ac leo. Pellentesque ultrices mattis odio. Donec vitae nisi.');
insert into imagen_proyecto (id_imagen, id_proyecto, descripcion) values (12, 12, 'Phasellus sit amet erat. Nulla tempus. Vivamus in felis eu sapien cursus vestibulum.');
insert into imagen_proyecto (id_imagen, id_proyecto, descripcion) values (13, 13, 'Duis bibendum, felis sed interdum venenatis, turpis enim blandit mi, in porttitor pede justo eu massa. Donec dapibus. Duis at velit eu est congue elementum.');
insert into imagen_proyecto (id_imagen, id_proyecto, descripcion) values (14, 14, 'Vestibulum ac est lacinia nisi venenatis tristique. Fusce congue, diam id ornare imperdiet, sapien urna pretium nisl, ut volutpat sapien arcu sed augue. Aliquam erat volutpat.');
insert into imagen_proyecto (id_imagen, id_proyecto, descripcion) values (15, 15, 'Duis bibendum, felis sed interdum venenatis, turpis enim blandit mi, in porttitor pede justo eu massa. Donec dapibus. Duis at velit eu est congue elementum.');
insert into imagen_proyecto (id_imagen, id_proyecto, descripcion) values (16, 16, 'Praesent id massa id nisl venenatis lacinia. Aenean sit amet justo. Morbi ut odio.');
insert into imagen_proyecto (id_imagen, id_proyecto, descripcion) values (17, 17, 'Suspendisse potenti. In eleifend quam a odio. In hac habitasse platea dictumst.');
insert into imagen_proyecto (id_imagen, id_proyecto, descripcion) values (18, 18, 'Morbi non lectus. Aliquam sit amet diam in magna bibendum imperdiet. Nullam orci pede, venenatis non, sodales sed, tincidunt eu, felis.');
insert into imagen_proyecto (id_imagen, id_proyecto, descripcion) values (19, 19, 'Proin leo odio, porttitor id, consequat in, consequat ut, nulla. Sed accumsan felis. Ut at dolor quis odio consequat varius.');
insert into imagen_proyecto (id_imagen, id_proyecto, descripcion) values (20, 20, 'Morbi porttitor lorem id ligula. Suspendisse ornare consequat lectus. In est risus, auctor sed, tristique in, tempus sit amet, sem.');
