-- tipo emprendimiento
insert into tipo_emprendimiento (id_tipo_emprendimiento, tipo_emprendimiento, area) values (1, 'basico', 1);
insert into tipo_emprendimiento (id_tipo_emprendimiento, tipo_emprendimiento, area) values (2, 'intermedio', 3);
insert into tipo_emprendimiento (id_tipo_emprendimiento, tipo_emprendimiento, area) values (3, 'avanzado', 1);
-- estado
insert into estado (id_estado, estado) values (1, null);
insert into estado (id_estado, estado) values (2, null);
insert into estado (id_estado, estado) values (3, null);
--contrato
insert into contrato (id_contrato, contrato, tipo_contrato) values (1, 'Nam ultrices, libero non mattis pulvinar, nulla pede ullamcorper augue, a suscipit nulla elit ac nulla. Sed vel enim sit amet nunc viverra dapibus. Nulla suscipit ligula in lacus.', 3);
insert into contrato (id_contrato, contrato, tipo_contrato) values (2, 'Nam ultrices, libero non mattis pulvinar, nulla pede ullamcorper augue, a suscipit nulla elit ac nulla. Sed vel enim sit amet nunc viverra dapibus. Nulla suscipit ligula in lacus.', 1);
insert into contrato (id_contrato, contrato, tipo_contrato) values (3, 'Proin leo odio, porttitor id, consequat in, consequat ut, nulla. Sed accumsan felis. Ut at dolor quis odio consequat varius.', 1);
insert into contrato (id_contrato, contrato, tipo_contrato) values (4, 'Nullam porttitor lacus at turpis. Donec posuere metus vitae ipsum. Aliquam non mauris.', 2);
insert into contrato (id_contrato, contrato, tipo_contrato) values (5, 'Duis bibendum, felis sed interdum venenatis, turpis enim blandit mi, in porttitor pede justo eu massa. Donec dapibus. Duis at velit eu est congue elementum.', 2);
insert into contrato (id_contrato, contrato, tipo_contrato) values (6, 'Sed ante. Vivamus tortor. Duis mattis egestas metus.', 2);
-- imagen
insert into imagen (id_imagen, src_imagen, imagen) values (1, 'http://dummyimage.com/170x100.png/ff4444/ffffff', 'http://dummyimage.com/127x100.png/ff4444/ffffff');
insert into imagen (id_imagen, src_imagen, imagen) values (2, 'http://dummyimage.com/225x100.png/cc0000/ffffff', 'http://dummyimage.com/238x100.png/5fa2dd/ffffff');
insert into imagen (id_imagen, src_imagen, imagen) values (3, 'http://dummyimage.com/144x100.png/dddddd/000000', 'http://dummyimage.com/223x100.png/ff4444/ffffff');
insert into imagen (id_imagen, src_imagen, imagen) values (4, 'http://dummyimage.com/122x100.png/dddddd/000000', 'http://dummyimage.com/227x100.png/5fa2dd/ffffff');
insert into imagen (id_imagen, src_imagen, imagen) values (5, 'http://dummyimage.com/179x100.png/dddddd/000000', 'http://dummyimage.com/165x100.png/ff4444/ffffff');
insert into imagen (id_imagen, src_imagen, imagen) values (6, 'http://dummyimage.com/176x100.png/5fa2dd/ffffff', 'http://dummyimage.com/121x100.png/dddddd/000000');
insert into imagen (id_imagen, src_imagen, imagen) values (7, 'http://dummyimage.com/238x100.png/cc0000/ffffff', 'http://dummyimage.com/112x100.png/ff4444/ffffff');
insert into imagen (id_imagen, src_imagen, imagen) values (8, 'http://dummyimage.com/112x100.png/5fa2dd/ffffff', 'http://dummyimage.com/209x100.png/cc0000/ffffff');
insert into imagen (id_imagen, src_imagen, imagen) values (9, 'http://dummyimage.com/150x100.png/cc0000/ffffff', 'http://dummyimage.com/198x100.png/cc0000/ffffff');
insert into imagen (id_imagen, src_imagen, imagen) values (10, 'http://dummyimage.com/185x100.png/dddddd/000000', 'http://dummyimage.com/171x100.png/cc0000/ffffff');
insert into imagen (id_imagen, src_imagen, imagen) values (11, 'http://dummyimage.com/120x100.png/dddddd/000000', 'http://dummyimage.com/250x100.png/5fa2dd/ffffff');
insert into imagen (id_imagen, src_imagen, imagen) values (12, 'http://dummyimage.com/169x100.png/cc0000/ffffff', 'http://dummyimage.com/103x100.png/cc0000/ffffff');
insert into imagen (id_imagen, src_imagen, imagen) values (13, 'http://dummyimage.com/231x100.png/cc0000/ffffff', 'http://dummyimage.com/193x100.png/ff4444/ffffff');
insert into imagen (id_imagen, src_imagen, imagen) values (14, 'http://dummyimage.com/200x100.png/dddddd/000000', 'http://dummyimage.com/177x100.png/dddddd/000000');
insert into imagen (id_imagen, src_imagen, imagen) values (15, 'http://dummyimage.com/201x100.png/ff4444/ffffff', 'http://dummyimage.com/156x100.png/ff4444/ffffff');
insert into imagen (id_imagen, src_imagen, imagen) values (16, 'http://dummyimage.com/169x100.png/ff4444/ffffff', 'http://dummyimage.com/200x100.png/cc0000/ffffff');
insert into imagen (id_imagen, src_imagen, imagen) values (17, 'http://dummyimage.com/152x100.png/5fa2dd/ffffff', 'http://dummyimage.com/138x100.png/ff4444/ffffff');
insert into imagen (id_imagen, src_imagen, imagen) values (18, 'http://dummyimage.com/169x100.png/cc0000/ffffff', 'http://dummyimage.com/203x100.png/dddddd/000000');
insert into imagen (id_imagen, src_imagen, imagen) values (19, 'http://dummyimage.com/113x100.png/5fa2dd/ffffff', 'http://dummyimage.com/194x100.png/cc0000/ffffff');
insert into imagen (id_imagen, src_imagen, imagen) values (20, 'http://dummyimage.com/153x100.png/5fa2dd/ffffff', 'http://dummyimage.com/188x100.png/cc0000/ffffff');
insert into imagen (id_imagen, src_imagen, imagen) values (21, 'http://dummyimage.com/129x100.png/ff4444/ffffff', 'http://dummyimage.com/118x100.png/dddddd/000000');
insert into imagen (id_imagen, src_imagen, imagen) values (22, 'http://dummyimage.com/248x100.png/5fa2dd/ffffff', 'http://dummyimage.com/230x100.png/5fa2dd/ffffff');
insert into imagen (id_imagen, src_imagen, imagen) values (23, 'http://dummyimage.com/182x100.png/5fa2dd/ffffff', 'http://dummyimage.com/153x100.png/ff4444/ffffff');
insert into imagen (id_imagen, src_imagen, imagen) values (24, 'http://dummyimage.com/225x100.png/ff4444/ffffff', 'http://dummyimage.com/134x100.png/ff4444/ffffff');
insert into imagen (id_imagen, src_imagen, imagen) values (25, 'http://dummyimage.com/107x100.png/cc0000/ffffff', 'http://dummyimage.com/222x100.png/5fa2dd/ffffff');
insert into imagen (id_imagen, src_imagen, imagen) values (26, 'http://dummyimage.com/194x100.png/cc0000/ffffff', 'http://dummyimage.com/154x100.png/dddddd/000000');
insert into imagen (id_imagen, src_imagen, imagen) values (27, 'http://dummyimage.com/164x100.png/ff4444/ffffff', 'http://dummyimage.com/118x100.png/dddddd/000000');
insert into imagen (id_imagen, src_imagen, imagen) values (28, 'http://dummyimage.com/243x100.png/5fa2dd/ffffff', 'http://dummyimage.com/209x100.png/dddddd/000000');
insert into imagen (id_imagen, src_imagen, imagen) values (29, 'http://dummyimage.com/246x100.png/ff4444/ffffff', 'http://dummyimage.com/101x100.png/dddddd/000000');
insert into imagen (id_imagen, src_imagen, imagen) values (30, 'http://dummyimage.com/210x100.png/dddddd/000000', 'http://dummyimage.com/144x100.png/dddddd/000000');
insert into imagen (id_imagen, src_imagen, imagen) values (31, 'http://dummyimage.com/112x100.png/ff4444/ffffff', 'http://dummyimage.com/207x100.png/cc0000/ffffff');
insert into imagen (id_imagen, src_imagen, imagen) values (32, 'http://dummyimage.com/141x100.png/dddddd/000000', 'http://dummyimage.com/153x100.png/5fa2dd/ffffff');
insert into imagen (id_imagen, src_imagen, imagen) values (33, 'http://dummyimage.com/180x100.png/dddddd/000000', 'http://dummyimage.com/104x100.png/cc0000/ffffff');
insert into imagen (id_imagen, src_imagen, imagen) values (34, 'http://dummyimage.com/244x100.png/ff4444/ffffff', 'http://dummyimage.com/140x100.png/5fa2dd/ffffff');
insert into imagen (id_imagen, src_imagen, imagen) values (35, 'http://dummyimage.com/245x100.png/ff4444/ffffff', 'http://dummyimage.com/221x100.png/dddddd/000000');
insert into imagen (id_imagen, src_imagen, imagen) values (36, 'http://dummyimage.com/242x100.png/cc0000/ffffff', 'http://dummyimage.com/154x100.png/ff4444/ffffff');
insert into imagen (id_imagen, src_imagen, imagen) values (37, 'http://dummyimage.com/230x100.png/cc0000/ffffff', 'http://dummyimage.com/145x100.png/cc0000/ffffff');
insert into imagen (id_imagen, src_imagen, imagen) values (38, 'http://dummyimage.com/164x100.png/cc0000/ffffff', 'http://dummyimage.com/190x100.png/ff4444/ffffff');
insert into imagen (id_imagen, src_imagen, imagen) values (39, 'http://dummyimage.com/149x100.png/cc0000/ffffff', 'http://dummyimage.com/218x100.png/cc0000/ffffff');
insert into imagen (id_imagen, src_imagen, imagen) values (40, 'http://dummyimage.com/113x100.png/5fa2dd/ffffff', 'http://dummyimage.com/142x100.png/dddddd/000000');
insert into imagen (id_imagen, src_imagen, imagen) values (41, 'http://dummyimage.com/133x100.png/dddddd/000000', 'http://dummyimage.com/122x100.png/cc0000/ffffff');
insert into imagen (id_imagen, src_imagen, imagen) values (42, 'http://dummyimage.com/240x100.png/cc0000/ffffff', 'http://dummyimage.com/109x100.png/dddddd/000000');
insert into imagen (id_imagen, src_imagen, imagen) values (43, 'http://dummyimage.com/224x100.png/dddddd/000000', 'http://dummyimage.com/228x100.png/cc0000/ffffff');
insert into imagen (id_imagen, src_imagen, imagen) values (44, 'http://dummyimage.com/135x100.png/ff4444/ffffff', 'http://dummyimage.com/142x100.png/dddddd/000000');
insert into imagen (id_imagen, src_imagen, imagen) values (45, 'http://dummyimage.com/228x100.png/5fa2dd/ffffff', 'http://dummyimage.com/184x100.png/cc0000/ffffff');
insert into imagen (id_imagen, src_imagen, imagen) values (46, 'http://dummyimage.com/191x100.png/dddddd/000000', 'http://dummyimage.com/111x100.png/ff4444/ffffff');
insert into imagen (id_imagen, src_imagen, imagen) values (47, 'http://dummyimage.com/158x100.png/5fa2dd/ffffff', 'http://dummyimage.com/153x100.png/dddddd/000000');
insert into imagen (id_imagen, src_imagen, imagen) values (48, 'http://dummyimage.com/207x100.png/dddddd/000000', 'http://dummyimage.com/221x100.png/cc0000/ffffff');
insert into imagen (id_imagen, src_imagen, imagen) values (49, 'http://dummyimage.com/198x100.png/dddddd/000000', 'http://dummyimage.com/109x100.png/5fa2dd/ffffff');
insert into imagen (id_imagen, src_imagen, imagen) values (50, 'http://dummyimage.com/234x100.png/dddddd/000000', 'http://dummyimage.com/218x100.png/5fa2dd/ffffff');
insert into imagen (id_imagen, src_imagen, imagen) values (51, 'http://dummyimage.com/248x100.png/dddddd/000000', 'http://dummyimage.com/215x100.png/ff4444/ffffff');
insert into imagen (id_imagen, src_imagen, imagen) values (52, 'http://dummyimage.com/234x100.png/cc0000/ffffff', 'http://dummyimage.com/127x100.png/ff4444/ffffff');
insert into imagen (id_imagen, src_imagen, imagen) values (53, 'http://dummyimage.com/237x100.png/5fa2dd/ffffff', 'http://dummyimage.com/174x100.png/dddddd/000000');
insert into imagen (id_imagen, src_imagen, imagen) values (54, 'http://dummyimage.com/153x100.png/5fa2dd/ffffff', 'http://dummyimage.com/134x100.png/5fa2dd/ffffff');
insert into imagen (id_imagen, src_imagen, imagen) values (55, 'http://dummyimage.com/155x100.png/cc0000/ffffff', 'http://dummyimage.com/188x100.png/cc0000/ffffff');
insert into imagen (id_imagen, src_imagen, imagen) values (56, 'http://dummyimage.com/152x100.png/dddddd/000000', 'http://dummyimage.com/122x100.png/cc0000/ffffff');
insert into imagen (id_imagen, src_imagen, imagen) values (57, 'http://dummyimage.com/229x100.png/ff4444/ffffff', 'http://dummyimage.com/121x100.png/5fa2dd/ffffff');
insert into imagen (id_imagen, src_imagen, imagen) values (58, 'http://dummyimage.com/177x100.png/ff4444/ffffff', 'http://dummyimage.com/119x100.png/dddddd/000000');
insert into imagen (id_imagen, src_imagen, imagen) values (59, 'http://dummyimage.com/231x100.png/5fa2dd/ffffff', 'http://dummyimage.com/182x100.png/5fa2dd/ffffff');
insert into imagen (id_imagen, src_imagen, imagen) values (60, 'http://dummyimage.com/227x100.png/dddddd/000000', 'http://dummyimage.com/109x100.png/5fa2dd/ffffff');
insert into imagen (id_imagen, src_imagen, imagen) values (61, 'http://dummyimage.com/148x100.png/5fa2dd/ffffff', 'http://dummyimage.com/218x100.png/5fa2dd/ffffff');
insert into imagen (id_imagen, src_imagen, imagen) values (62, 'http://dummyimage.com/170x100.png/ff4444/ffffff', 'http://dummyimage.com/203x100.png/5fa2dd/ffffff');
insert into imagen (id_imagen, src_imagen, imagen) values (63, 'http://dummyimage.com/159x100.png/cc0000/ffffff', 'http://dummyimage.com/206x100.png/5fa2dd/ffffff');
insert into imagen (id_imagen, src_imagen, imagen) values (64, 'http://dummyimage.com/221x100.png/cc0000/ffffff', 'http://dummyimage.com/188x100.png/ff4444/ffffff');
insert into imagen (id_imagen, src_imagen, imagen) values (65, 'http://dummyimage.com/103x100.png/5fa2dd/ffffff', 'http://dummyimage.com/177x100.png/ff4444/ffffff');
insert into imagen (id_imagen, src_imagen, imagen) values (66, 'http://dummyimage.com/185x100.png/dddddd/000000', 'http://dummyimage.com/146x100.png/5fa2dd/ffffff');
insert into imagen (id_imagen, src_imagen, imagen) values (67, 'http://dummyimage.com/144x100.png/dddddd/000000', 'http://dummyimage.com/210x100.png/5fa2dd/ffffff');
insert into imagen (id_imagen, src_imagen, imagen) values (68, 'http://dummyimage.com/218x100.png/5fa2dd/ffffff', 'http://dummyimage.com/132x100.png/ff4444/ffffff');
insert into imagen (id_imagen, src_imagen, imagen) values (69, 'http://dummyimage.com/136x100.png/dddddd/000000', 'http://dummyimage.com/249x100.png/ff4444/ffffff');
insert into imagen (id_imagen, src_imagen, imagen) values (70, 'http://dummyimage.com/119x100.png/cc0000/ffffff', 'http://dummyimage.com/223x100.png/dddddd/000000');
insert into imagen (id_imagen, src_imagen, imagen) values (71, 'http://dummyimage.com/234x100.png/dddddd/000000', 'http://dummyimage.com/177x100.png/5fa2dd/ffffff');
insert into imagen (id_imagen, src_imagen, imagen) values (72, 'http://dummyimage.com/165x100.png/dddddd/000000', 'http://dummyimage.com/208x100.png/5fa2dd/ffffff');
insert into imagen (id_imagen, src_imagen, imagen) values (73, 'http://dummyimage.com/192x100.png/cc0000/ffffff', 'http://dummyimage.com/219x100.png/cc0000/ffffff');
insert into imagen (id_imagen, src_imagen, imagen) values (74, 'http://dummyimage.com/188x100.png/ff4444/ffffff', 'http://dummyimage.com/168x100.png/ff4444/ffffff');
insert into imagen (id_imagen, src_imagen, imagen) values (75, 'http://dummyimage.com/132x100.png/dddddd/000000', 'http://dummyimage.com/232x100.png/dddddd/000000');
insert into imagen (id_imagen, src_imagen, imagen) values (76, 'http://dummyimage.com/168x100.png/5fa2dd/ffffff', 'http://dummyimage.com/186x100.png/dddddd/000000');
insert into imagen (id_imagen, src_imagen, imagen) values (77, 'http://dummyimage.com/108x100.png/cc0000/ffffff', 'http://dummyimage.com/178x100.png/5fa2dd/ffffff');
insert into imagen (id_imagen, src_imagen, imagen) values (78, 'http://dummyimage.com/203x100.png/5fa2dd/ffffff', 'http://dummyimage.com/143x100.png/5fa2dd/ffffff');
insert into imagen (id_imagen, src_imagen, imagen) values (79, 'http://dummyimage.com/175x100.png/5fa2dd/ffffff', 'http://dummyimage.com/240x100.png/ff4444/ffffff');
insert into imagen (id_imagen, src_imagen, imagen) values (80, 'http://dummyimage.com/150x100.png/ff4444/ffffff', 'http://dummyimage.com/113x100.png/cc0000/ffffff');
insert into imagen (id_imagen, src_imagen, imagen) values (81, 'http://dummyimage.com/207x100.png/ff4444/ffffff', 'http://dummyimage.com/231x100.png/dddddd/000000');
insert into imagen (id_imagen, src_imagen, imagen) values (82, 'http://dummyimage.com/177x100.png/ff4444/ffffff', 'http://dummyimage.com/125x100.png/dddddd/000000');
insert into imagen (id_imagen, src_imagen, imagen) values (83, 'http://dummyimage.com/137x100.png/cc0000/ffffff', 'http://dummyimage.com/181x100.png/dddddd/000000');
insert into imagen (id_imagen, src_imagen, imagen) values (84, 'http://dummyimage.com/171x100.png/dddddd/000000', 'http://dummyimage.com/177x100.png/ff4444/ffffff');
insert into imagen (id_imagen, src_imagen, imagen) values (85, 'http://dummyimage.com/180x100.png/dddddd/000000', 'http://dummyimage.com/236x100.png/cc0000/ffffff');
insert into imagen (id_imagen, src_imagen, imagen) values (86, 'http://dummyimage.com/136x100.png/cc0000/ffffff', 'http://dummyimage.com/128x100.png/cc0000/ffffff');
insert into imagen (id_imagen, src_imagen, imagen) values (87, 'http://dummyimage.com/236x100.png/dddddd/000000', 'http://dummyimage.com/233x100.png/dddddd/000000');
insert into imagen (id_imagen, src_imagen, imagen) values (88, 'http://dummyimage.com/100x100.png/dddddd/000000', 'http://dummyimage.com/123x100.png/5fa2dd/ffffff');
insert into imagen (id_imagen, src_imagen, imagen) values (89, 'http://dummyimage.com/244x100.png/cc0000/ffffff', 'http://dummyimage.com/121x100.png/dddddd/000000');
insert into imagen (id_imagen, src_imagen, imagen) values (90, 'http://dummyimage.com/237x100.png/cc0000/ffffff', 'http://dummyimage.com/157x100.png/dddddd/000000');
insert into imagen (id_imagen, src_imagen, imagen) values (91, 'http://dummyimage.com/197x100.png/dddddd/000000', 'http://dummyimage.com/196x100.png/dddddd/000000');
insert into imagen (id_imagen, src_imagen, imagen) values (92, 'http://dummyimage.com/197x100.png/cc0000/ffffff', 'http://dummyimage.com/237x100.png/dddddd/000000');
insert into imagen (id_imagen, src_imagen, imagen) values (93, 'http://dummyimage.com/151x100.png/dddddd/000000', 'http://dummyimage.com/102x100.png/dddddd/000000');
insert into imagen (id_imagen, src_imagen, imagen) values (94, 'http://dummyimage.com/184x100.png/dddddd/000000', 'http://dummyimage.com/233x100.png/dddddd/000000');
insert into imagen (id_imagen, src_imagen, imagen) values (95, 'http://dummyimage.com/149x100.png/cc0000/ffffff', 'http://dummyimage.com/214x100.png/ff4444/ffffff');
insert into imagen (id_imagen, src_imagen, imagen) values (96, 'http://dummyimage.com/153x100.png/cc0000/ffffff', 'http://dummyimage.com/242x100.png/dddddd/000000');
insert into imagen (id_imagen, src_imagen, imagen) values (97, 'http://dummyimage.com/192x100.png/cc0000/ffffff', 'http://dummyimage.com/125x100.png/cc0000/ffffff');
insert into imagen (id_imagen, src_imagen, imagen) values (98, 'http://dummyimage.com/104x100.png/cc0000/ffffff', 'http://dummyimage.com/191x100.png/dddddd/000000');
insert into imagen (id_imagen, src_imagen, imagen) values (99, 'http://dummyimage.com/111x100.png/ff4444/ffffff', 'http://dummyimage.com/167x100.png/ff4444/ffffff');
insert into imagen (id_imagen, src_imagen, imagen) values (100, 'http://dummyimage.com/241x100.png/5fa2dd/ffffff', 'http://dummyimage.com/227x100.png/ff4444/ffffff');
-- direccion
insert into direccion (id_direccion, zona, calle, ciudad, departamento) values (1, '5 Glacier Hill Court', '87864 Portage Avenue', null, null);
insert into direccion (id_direccion, zona, calle, ciudad, departamento) values (2, '47319 Killdeer Avenue', '26 8th Lane', null, null);
insert into direccion (id_direccion, zona, calle, ciudad, departamento) values (3, '4 Moland Trail', '336 Carey Point', null, null);
insert into direccion (id_direccion, zona, calle, ciudad, departamento) values (4, '291 Stoughton Lane', '55 Sommers Drive', null, null);
insert into direccion (id_direccion, zona, calle, ciudad, departamento) values (5, '7 Larry Court', '7 Eastwood Junction', null, null);
insert into direccion (id_direccion, zona, calle, ciudad, departamento) values (6, '9 Fairview Junction', '3160 Ruskin Circle', null, null);
insert into direccion (id_direccion, zona, calle, ciudad, departamento) values (7, '35 Old Shore Plaza', '9 Grasskamp Terrace', null, null);
insert into direccion (id_direccion, zona, calle, ciudad, departamento) values (8, '0731 Londonderry Alley', '820 Hoard Point', null, null);
insert into direccion (id_direccion, zona, calle, ciudad, departamento) values (9, '5333 Hansons Street', '80 Northridge Parkway', null, null);
insert into direccion (id_direccion, zona, calle, ciudad, departamento) values (10, '278 Lawn Street', '28590 Independence Trail', null, null);
insert into direccion (id_direccion, zona, calle, ciudad, departamento) values (11, '65 Lakeland Avenue', '5 Brentwood Drive', null, null);
insert into direccion (id_direccion, zona, calle, ciudad, departamento) values (12, '72 Bashford Drive', '4 Homewood Park', null, null);
insert into direccion (id_direccion, zona, calle, ciudad, departamento) values (13, '199 Crowley Hill', '07772 Commercial Alley', null, null);
insert into direccion (id_direccion, zona, calle, ciudad, departamento) values (14, '8689 Clyde Gallagher Pass', '38759 Parkside Trail', null, null);
insert into direccion (id_direccion, zona, calle, ciudad, departamento) values (15, '77 Sutherland Junction', '0 Milwaukee Road', null, null);
insert into direccion (id_direccion, zona, calle, ciudad, departamento) values (16, '24464 3rd Road', '4261 Florence Junction', null, null);
insert into direccion (id_direccion, zona, calle, ciudad, departamento) values (17, '4423 Ridgeview Circle', '1070 Northridge Point', null, null);
insert into direccion (id_direccion, zona, calle, ciudad, departamento) values (18, '90250 Vidon Pass', '7258 International Road', null, null);
insert into direccion (id_direccion, zona, calle, ciudad, departamento) values (19, '81 Main Alley', '2 Doe Crossing Avenue', null, null);
insert into direccion (id_direccion, zona, calle, ciudad, departamento) values (20, '47923 Briar Crest Point', '66 Pierstorff Alley', null, null);
insert into direccion (id_direccion, zona, calle, ciudad, departamento) values (21, '66 Sycamore Place', '45690 Ryan Circle', null, null);
insert into direccion (id_direccion, zona, calle, ciudad, departamento) values (22, '455 Ohio Street', '10757 Lien Street', null, null);
insert into direccion (id_direccion, zona, calle, ciudad, departamento) values (23, '3 Raven Drive', '60 Corben Point', null, null);
insert into direccion (id_direccion, zona, calle, ciudad, departamento) values (24, '2 Calypso Way', '43 Westerfield Parkway', null, null);
insert into direccion (id_direccion, zona, calle, ciudad, departamento) values (25, '2 Laurel Court', '7812 Old Gate Hill', null, null);
insert into direccion (id_direccion, zona, calle, ciudad, departamento) values (26, '775 Main Circle', '4384 Mifflin Parkway', null, null);
insert into direccion (id_direccion, zona, calle, ciudad, departamento) values (27, '20264 1st Point', '5 Maple Crossing', null, null);
insert into direccion (id_direccion, zona, calle, ciudad, departamento) values (28, '1626 Atwood Parkway', '30607 Coleman Trail', null, null);
insert into direccion (id_direccion, zona, calle, ciudad, departamento) values (29, '5 South Center', '1874 Crownhardt Lane', null, null);
insert into direccion (id_direccion, zona, calle, ciudad, departamento) values (30, '8 Manufacturers Point', '65 Anthes Junction', null, null);
insert into direccion (id_direccion, zona, calle, ciudad, departamento) values (31, '992 Fairview Center', '48 Calypso Center', null, null);
insert into direccion (id_direccion, zona, calle, ciudad, departamento) values (32, '52 Vidon Plaza', '754 Acker Hill', null, null);
insert into direccion (id_direccion, zona, calle, ciudad, departamento) values (33, '00 Moland Place', '739 Northland Park', null, null);
insert into direccion (id_direccion, zona, calle, ciudad, departamento) values (34, '716 Summer Ridge Circle', '01 Butternut Point', null, null);
insert into direccion (id_direccion, zona, calle, ciudad, departamento) values (35, '2939 Hoard Plaza', '43717 Hooker Junction', null, null);
insert into direccion (id_direccion, zona, calle, ciudad, departamento) values (36, '73 Hagan Circle', '40 Manley Park', null, null);
insert into direccion (id_direccion, zona, calle, ciudad, departamento) values (37, '45891 Mendota Pass', '27892 5th Trail', null, null);
insert into direccion (id_direccion, zona, calle, ciudad, departamento) values (38, '011 Moland Circle', '58911 Helena Avenue', null, null);
insert into direccion (id_direccion, zona, calle, ciudad, departamento) values (39, '16366 Melody Way', '61 Victoria Parkway', null, null);
insert into direccion (id_direccion, zona, calle, ciudad, departamento) values (40, '266 Clyde Gallagher Parkway', '94 Crest Line Place', null, null);
insert into direccion (id_direccion, zona, calle, ciudad, departamento) values (41, '3554 Atwood Place', '1 Mcguire Center', null, null);
insert into direccion (id_direccion, zona, calle, ciudad, departamento) values (42, '16182 Center Point', '81 Fremont Way', null, null);
insert into direccion (id_direccion, zona, calle, ciudad, departamento) values (43, '36 Union Road', '4 Kedzie Hill', null, null);
insert into direccion (id_direccion, zona, calle, ciudad, departamento) values (44, '9 Havey Street', '636 Mayfield Crossing', null, null);
insert into direccion (id_direccion, zona, calle, ciudad, departamento) values (45, '5905 Wayridge Lane', '70 High Crossing Court', null, null);
insert into direccion (id_direccion, zona, calle, ciudad, departamento) values (46, '770 Grover Way', '06071 Bultman Place', null, null);
insert into direccion (id_direccion, zona, calle, ciudad, departamento) values (47, '7 Summer Ridge Street', '69 Hudson Plaza', null, null);
insert into direccion (id_direccion, zona, calle, ciudad, departamento) values (48, '57 Karstens Hill', '2791 Meadow Valley Terrace', null, null);
insert into direccion (id_direccion, zona, calle, ciudad, departamento) values (49, '01401 Paget Plaza', '969 Nobel Way', null, null);
insert into direccion (id_direccion, zona, calle, ciudad, departamento) values (50, '7342 Mesta Center', '2508 Chive Plaza', null, null);
insert into direccion (id_direccion, zona, calle, ciudad, departamento) values (51, '76 Riverside Center', '15 Harbort Center', null, null);
insert into direccion (id_direccion, zona, calle, ciudad, departamento) values (52, '4243 Manley Trail', '28020 Old Shore Alley', null, null);
insert into direccion (id_direccion, zona, calle, ciudad, departamento) values (53, '535 Graceland Point', '176 Straubel Place', null, null);
insert into direccion (id_direccion, zona, calle, ciudad, departamento) values (54, '0940 Starling Point', '402 Jenifer Crossing', null, null);
insert into direccion (id_direccion, zona, calle, ciudad, departamento) values (55, '073 Hanover Court', '3583 Grim Court', null, null);
insert into direccion (id_direccion, zona, calle, ciudad, departamento) values (56, '3041 Melody Trail', '0969 Lighthouse Bay Trail', null, null);
insert into direccion (id_direccion, zona, calle, ciudad, departamento) values (57, '17 Luster Center', '7 Arizona Parkway', null, null);
insert into direccion (id_direccion, zona, calle, ciudad, departamento) values (58, '21217 Pearson Place', '2 Heffernan Trail', null, null);
insert into direccion (id_direccion, zona, calle, ciudad, departamento) values (59, '11 Lukken Point', '720 Surrey Road', null, null);
insert into direccion (id_direccion, zona, calle, ciudad, departamento) values (60, '97205 Arkansas Parkway', '336 Knutson Junction', null, null);
insert into direccion (id_direccion, zona, calle, ciudad, departamento) values (61, '2 Drewry Plaza', '504 Rieder Hill', null, null);
insert into direccion (id_direccion, zona, calle, ciudad, departamento) values (62, '15 David Plaza', '9497 Laurel Junction', null, null);
insert into direccion (id_direccion, zona, calle, ciudad, departamento) values (63, '2903 Pine View Drive', '08 Ruskin Point', null, null);
insert into direccion (id_direccion, zona, calle, ciudad, departamento) values (64, '97135 Sutteridge Street', '7 Kings Center', null, null);
insert into direccion (id_direccion, zona, calle, ciudad, departamento) values (65, '5 Dahle Terrace', '7752 Northwestern Avenue', null, null);
insert into direccion (id_direccion, zona, calle, ciudad, departamento) values (66, '9 Comanche Hill', '7 Magdeline Terrace', null, null);
insert into direccion (id_direccion, zona, calle, ciudad, departamento) values (67, '747 Johnson Center', '80547 Morrow Drive', null, null);
insert into direccion (id_direccion, zona, calle, ciudad, departamento) values (68, '858 Warner Plaza', '423 Bobwhite Avenue', null, null);
insert into direccion (id_direccion, zona, calle, ciudad, departamento) values (69, '65 Hallows Terrace', '57 Ilene Drive', null, null);
insert into direccion (id_direccion, zona, calle, ciudad, departamento) values (70, '90934 Oxford Terrace', '829 Sachtjen Trail', null, null);
insert into direccion (id_direccion, zona, calle, ciudad, departamento) values (71, '5344 Killdeer Center', '6842 Columbus Plaza', null, null);
insert into direccion (id_direccion, zona, calle, ciudad, departamento) values (72, '2 Garrison Alley', '78 Bartelt Hill', null, null);
insert into direccion (id_direccion, zona, calle, ciudad, departamento) values (73, '7 Veith Parkway', '8748 Lighthouse Bay Court', null, null);
insert into direccion (id_direccion, zona, calle, ciudad, departamento) values (74, '00 Sunnyside Alley', '3 Shelley Way', null, null);
insert into direccion (id_direccion, zona, calle, ciudad, departamento) values (75, '5 Talisman Way', '12105 Independence Alley', null, null);
insert into direccion (id_direccion, zona, calle, ciudad, departamento) values (76, '6087 Sullivan Road', '5 Dapin Court', null, null);
insert into direccion (id_direccion, zona, calle, ciudad, departamento) values (77, '91 Mariners Cove Drive', '7240 Lighthouse Bay Point', null, null);
insert into direccion (id_direccion, zona, calle, ciudad, departamento) values (78, '053 Crescent Oaks Hill', '708 Chinook Place', null, null);
insert into direccion (id_direccion, zona, calle, ciudad, departamento) values (79, '00 Gerald Hill', '2139 Transport Terrace', null, null);
insert into direccion (id_direccion, zona, calle, ciudad, departamento) values (80, '721 Claremont Alley', '3472 Walton Court', null, null);
insert into direccion (id_direccion, zona, calle, ciudad, departamento) values (81, '3063 Westerfield Lane', '5700 Ruskin Junction', null, null);
insert into direccion (id_direccion, zona, calle, ciudad, departamento) values (82, '18 Butterfield Trail', '5128 Mandrake Plaza', null, null);
insert into direccion (id_direccion, zona, calle, ciudad, departamento) values (83, '4676 Maple Plaza', '792 Eagan Pass', null, null);
insert into direccion (id_direccion, zona, calle, ciudad, departamento) values (84, '55 Vera Plaza', '92289 Northwestern Lane', null, null);
insert into direccion (id_direccion, zona, calle, ciudad, departamento) values (85, '03 Swallow Hill', '206 Rockefeller Place', null, null);
insert into direccion (id_direccion, zona, calle, ciudad, departamento) values (86, '725 Vernon Circle', '6154 School Street', null, null);
insert into direccion (id_direccion, zona, calle, ciudad, departamento) values (87, '1 Clyde Gallagher Center', '21482 Gulseth Place', null, null);
insert into direccion (id_direccion, zona, calle, ciudad, departamento) values (88, '919 Jenifer Terrace', '417 Waxwing Drive', null, null);
insert into direccion (id_direccion, zona, calle, ciudad, departamento) values (89, '30 Calypso Circle', '48 Roxbury Parkway', null, null);
insert into direccion (id_direccion, zona, calle, ciudad, departamento) values (90, '2 Buell Street', '0 Washington Pass', null, null);
insert into direccion (id_direccion, zona, calle, ciudad, departamento) values (91, '53 Vidon Street', '9917 Lien Junction', null, null);
insert into direccion (id_direccion, zona, calle, ciudad, departamento) values (92, '310 Nelson Circle', '7649 Weeping Birch Junction', null, null);
insert into direccion (id_direccion, zona, calle, ciudad, departamento) values (93, '64 Moland Parkway', '762 Fair Oaks Hill', null, null);
insert into direccion (id_direccion, zona, calle, ciudad, departamento) values (94, '6438 Northport Avenue', '0362 Linden Center', null, null);
insert into direccion (id_direccion, zona, calle, ciudad, departamento) values (95, '28 Susan Lane', '20852 Warbler Center', null, null);
insert into direccion (id_direccion, zona, calle, ciudad, departamento) values (96, '775 Kipling Trail', '009 5th Crossing', null, null);
insert into direccion (id_direccion, zona, calle, ciudad, departamento) values (97, '43303 Pawling Pass', '558 Monument Place', null, null);
insert into direccion (id_direccion, zona, calle, ciudad, departamento) values (98, '8 Debra Center', '097 Rowland Crossing', null, null);
insert into direccion (id_direccion, zona, calle, ciudad, departamento) values (99, '6 Bartillon Alley', '9616 Meadow Ridge Hill', null, null);
insert into direccion (id_direccion, zona, calle, ciudad, departamento) values (100, '452 Debs Pass', '96828 Cardinal Junction', null, null);

--persona
insert into persona (id_persona, nombre_persona, apellidos, id_direccion_fk, fecha_nacimiento) values (1, 'Garold', 'Di Antonio', 54, '7/13/1982');
insert into persona (id_persona, nombre_persona, apellidos, id_direccion_fk, fecha_nacimiento) values (2, 'Roberto', 'O''Sherrin', 58, '1/7/1984');
insert into persona (id_persona, nombre_persona, apellidos, id_direccion_fk, fecha_nacimiento) values (3, 'Maynord', 'Paulo', 40, '11/17/1971');
insert into persona (id_persona, nombre_persona, apellidos, id_direccion_fk, fecha_nacimiento) values (4, 'Gifford', 'Wingate', 40, '10/12/1985');
insert into persona (id_persona, nombre_persona, apellidos, id_direccion_fk, fecha_nacimiento) values (5, 'Seth', 'Skully', 69, '6/20/1976');
insert into persona (id_persona, nombre_persona, apellidos, id_direccion_fk, fecha_nacimiento) values (6, 'Odell', 'Husselbee', 86, '6/12/1975');
insert into persona (id_persona, nombre_persona, apellidos, id_direccion_fk, fecha_nacimiento) values (7, 'Rollo', 'Joanic', 63, '7/29/1985');
insert into persona (id_persona, nombre_persona, apellidos, id_direccion_fk, fecha_nacimiento) values (8, 'Rand', 'Cassar', 55, '3/17/1982');
insert into persona (id_persona, nombre_persona, apellidos, id_direccion_fk, fecha_nacimiento) values (9, 'Marcello', 'Brackstone', 56, '8/1/1974');
insert into persona (id_persona, nombre_persona, apellidos, id_direccion_fk, fecha_nacimiento) values (10, 'Quintina', 'Fritter', 98, '5/11/1973');
insert into persona (id_persona, nombre_persona, apellidos, id_direccion_fk, fecha_nacimiento) values (11, 'Cross', 'Caulder', 40, '7/26/1994');
insert into persona (id_persona, nombre_persona, apellidos, id_direccion_fk, fecha_nacimiento) values (12, 'Vannie', 'Brumfitt', 13, '12/28/1986');
insert into persona (id_persona, nombre_persona, apellidos, id_direccion_fk, fecha_nacimiento) values (13, 'Hatti', 'Heinel', 39, '6/1/1986');
insert into persona (id_persona, nombre_persona, apellidos, id_direccion_fk, fecha_nacimiento) values (14, 'Jory', 'Middle', 43, '1/29/1974');
insert into persona (id_persona, nombre_persona, apellidos, id_direccion_fk, fecha_nacimiento) values (15, 'Myrilla', 'Float', 54, '5/2/1992');
insert into persona (id_persona, nombre_persona, apellidos, id_direccion_fk, fecha_nacimiento) values (16, 'Elle', 'Parsand', 91, '4/30/1979');
insert into persona (id_persona, nombre_persona, apellidos, id_direccion_fk, fecha_nacimiento) values (17, 'Josephine', 'Arons', 20, '1/23/1994');
insert into persona (id_persona, nombre_persona, apellidos, id_direccion_fk, fecha_nacimiento) values (18, 'Parke', 'Redholes', 81, '8/2/1979');
insert into persona (id_persona, nombre_persona, apellidos, id_direccion_fk, fecha_nacimiento) values (19, 'Tiler', 'Phinnessy', 60, '5/15/1982');
insert into persona (id_persona, nombre_persona, apellidos, id_direccion_fk, fecha_nacimiento) values (20, 'Kathryne', 'Mowat', 72, '11/9/1997');
insert into persona (id_persona, nombre_persona, apellidos, id_direccion_fk, fecha_nacimiento) values (21, 'Minerva', 'Sier', 8, '4/30/1990');
insert into persona (id_persona, nombre_persona, apellidos, id_direccion_fk, fecha_nacimiento) values (22, 'Angelica', 'Parcells', 39, '9/21/1992');
insert into persona (id_persona, nombre_persona, apellidos, id_direccion_fk, fecha_nacimiento) values (23, 'Karlens', 'Oakwell', 34, '10/17/1988');
insert into persona (id_persona, nombre_persona, apellidos, id_direccion_fk, fecha_nacimiento) values (24, 'Viviana', 'Favelle', 100, '10/15/1985');
insert into persona (id_persona, nombre_persona, apellidos, id_direccion_fk, fecha_nacimiento) values (25, 'Nyssa', 'Shackesby', 32, '6/6/1973');
insert into persona (id_persona, nombre_persona, apellidos, id_direccion_fk, fecha_nacimiento) values (26, 'Greta', 'Blunderfield', 19, '2/27/1976');
insert into persona (id_persona, nombre_persona, apellidos, id_direccion_fk, fecha_nacimiento) values (27, 'Pauly', 'Petrasek', 7, '3/3/1998');
insert into persona (id_persona, nombre_persona, apellidos, id_direccion_fk, fecha_nacimiento) values (28, 'Vlad', 'Tribell', 67, '9/8/1995');
insert into persona (id_persona, nombre_persona, apellidos, id_direccion_fk, fecha_nacimiento) values (29, 'Katrine', 'Annell', 4, '5/21/1975');
insert into persona (id_persona, nombre_persona, apellidos, id_direccion_fk, fecha_nacimiento) values (30, 'Vassili', 'Cawthra', 10, '9/30/1982');
insert into persona (id_persona, nombre_persona, apellidos, id_direccion_fk, fecha_nacimiento) values (31, 'Shae', 'Manzell', 88, '11/7/1986');
insert into persona (id_persona, nombre_persona, apellidos, id_direccion_fk, fecha_nacimiento) values (32, 'Eddy', 'Zealy', 61, '10/23/1988');
insert into persona (id_persona, nombre_persona, apellidos, id_direccion_fk, fecha_nacimiento) values (33, 'Ange', 'Kittley', 89, '10/1/1974');
insert into persona (id_persona, nombre_persona, apellidos, id_direccion_fk, fecha_nacimiento) values (34, 'Elisa', 'McCluin', 34, '12/4/1987');
insert into persona (id_persona, nombre_persona, apellidos, id_direccion_fk, fecha_nacimiento) values (35, 'Nicki', 'Templeton', 92, '3/5/1978');
insert into persona (id_persona, nombre_persona, apellidos, id_direccion_fk, fecha_nacimiento) values (36, 'Julee', 'Klimowski', 56, '1/7/1978');
insert into persona (id_persona, nombre_persona, apellidos, id_direccion_fk, fecha_nacimiento) values (37, 'Maiga', 'Tewkesberry', 79, '7/9/1970');
insert into persona (id_persona, nombre_persona, apellidos, id_direccion_fk, fecha_nacimiento) values (38, 'Cathlene', 'Sidon', 82, '11/23/1981');
insert into persona (id_persona, nombre_persona, apellidos, id_direccion_fk, fecha_nacimiento) values (39, 'Ban', 'Henningham', 31, '9/9/1992');
insert into persona (id_persona, nombre_persona, apellidos, id_direccion_fk, fecha_nacimiento) values (40, 'Rutger', 'Tomaszewicz', 65, '10/15/1983');
insert into persona (id_persona, nombre_persona, apellidos, id_direccion_fk, fecha_nacimiento) values (41, 'Alessandro', 'Zute', 98, '6/27/1978');
insert into persona (id_persona, nombre_persona, apellidos, id_direccion_fk, fecha_nacimiento) values (42, 'Shel', 'de Courcey', 77, '4/1/1979');
insert into persona (id_persona, nombre_persona, apellidos, id_direccion_fk, fecha_nacimiento) values (43, 'Devi', 'Spadollini', 20, '8/17/1987');
insert into persona (id_persona, nombre_persona, apellidos, id_direccion_fk, fecha_nacimiento) values (44, 'Brockie', 'Figure', 74, '7/25/1993');
insert into persona (id_persona, nombre_persona, apellidos, id_direccion_fk, fecha_nacimiento) values (45, 'Miles', 'Huffey', 90, '12/27/1982');
insert into persona (id_persona, nombre_persona, apellidos, id_direccion_fk, fecha_nacimiento) values (46, 'Damon', 'Devine', 13, '12/2/1998');
insert into persona (id_persona, nombre_persona, apellidos, id_direccion_fk, fecha_nacimiento) values (47, 'Griffy', 'Lorait', 11, '1/28/1980');
insert into persona (id_persona, nombre_persona, apellidos, id_direccion_fk, fecha_nacimiento) values (48, 'Janot', 'Hayne', 92, '9/8/1985');
insert into persona (id_persona, nombre_persona, apellidos, id_direccion_fk, fecha_nacimiento) values (49, 'Betta', 'Greenshiels', 61, '10/27/1982');
insert into persona (id_persona, nombre_persona, apellidos, id_direccion_fk, fecha_nacimiento) values (50, 'Marta', 'Coucha', 59, '11/18/1980');
insert into persona (id_persona, nombre_persona, apellidos, id_direccion_fk, fecha_nacimiento) values (51, 'Davide', 'Drance', 82, '5/26/1995');
insert into persona (id_persona, nombre_persona, apellidos, id_direccion_fk, fecha_nacimiento) values (52, 'Frazier', 'Kardos', 99, '1/20/1974');
insert into persona (id_persona, nombre_persona, apellidos, id_direccion_fk, fecha_nacimiento) values (53, 'Herby', 'Halmkin', 87, '10/19/1994');
insert into persona (id_persona, nombre_persona, apellidos, id_direccion_fk, fecha_nacimiento) values (54, 'Lamont', 'Baford', 72, '3/4/1992');
insert into persona (id_persona, nombre_persona, apellidos, id_direccion_fk, fecha_nacimiento) values (55, 'Siobhan', 'Pavett', 38, '1/31/1980');
insert into persona (id_persona, nombre_persona, apellidos, id_direccion_fk, fecha_nacimiento) values (56, 'Osbourne', 'O''Fergus', 79, '5/18/1984');
insert into persona (id_persona, nombre_persona, apellidos, id_direccion_fk, fecha_nacimiento) values (57, 'Justin', 'Mildmott', 55, '2/24/1973');
insert into persona (id_persona, nombre_persona, apellidos, id_direccion_fk, fecha_nacimiento) values (58, 'Rik', 'Spellacey', 20, '2/20/1972');
insert into persona (id_persona, nombre_persona, apellidos, id_direccion_fk, fecha_nacimiento) values (59, 'Andree', 'Sarfati', 41, '8/13/1995');
insert into persona (id_persona, nombre_persona, apellidos, id_direccion_fk, fecha_nacimiento) values (60, 'Milka', 'Petrolli', 95, '4/22/1983');
insert into persona (id_persona, nombre_persona, apellidos, id_direccion_fk, fecha_nacimiento) values (61, 'Thatcher', 'Connechy', 50, '5/26/1988');
insert into persona (id_persona, nombre_persona, apellidos, id_direccion_fk, fecha_nacimiento) values (62, 'Amelina', 'Starie', 9, '4/14/1986');
insert into persona (id_persona, nombre_persona, apellidos, id_direccion_fk, fecha_nacimiento) values (63, 'Bethanne', 'Ram', 64, '8/31/1984');
insert into persona (id_persona, nombre_persona, apellidos, id_direccion_fk, fecha_nacimiento) values (64, 'Beck', 'Kubacek', 61, '4/15/1989');
insert into persona (id_persona, nombre_persona, apellidos, id_direccion_fk, fecha_nacimiento) values (65, 'Joby', 'Alyonov', 17, '7/14/1978');
insert into persona (id_persona, nombre_persona, apellidos, id_direccion_fk, fecha_nacimiento) values (66, 'Evangelin', 'Wapol', 87, '2/27/1991');
insert into persona (id_persona, nombre_persona, apellidos, id_direccion_fk, fecha_nacimiento) values (67, 'Mordecai', 'Jirik', 17, '4/10/1975');
insert into persona (id_persona, nombre_persona, apellidos, id_direccion_fk, fecha_nacimiento) values (68, 'Jud', 'Czajkowski', 1, '8/13/1992');
insert into persona (id_persona, nombre_persona, apellidos, id_direccion_fk, fecha_nacimiento) values (69, 'Loni', 'Gedling', 68, '11/1/1970');
insert into persona (id_persona, nombre_persona, apellidos, id_direccion_fk, fecha_nacimiento) values (70, 'Noni', 'Blucher', 78, '1/5/1972');
insert into persona (id_persona, nombre_persona, apellidos, id_direccion_fk, fecha_nacimiento) values (71, 'Chevalier', 'Iredale', 3, '6/29/1977');
insert into persona (id_persona, nombre_persona, apellidos, id_direccion_fk, fecha_nacimiento) values (72, 'Cariotta', 'Dedney', 14, '1/30/2000');
insert into persona (id_persona, nombre_persona, apellidos, id_direccion_fk, fecha_nacimiento) values (73, 'Iolande', 'Londesborough', 80, '7/20/1998');
insert into persona (id_persona, nombre_persona, apellidos, id_direccion_fk, fecha_nacimiento) values (74, 'Joane', 'Marchington', 5, '11/4/1977');
insert into persona (id_persona, nombre_persona, apellidos, id_direccion_fk, fecha_nacimiento) values (75, 'Cathrin', 'Waggatt', 41, '3/1/1984');
insert into persona (id_persona, nombre_persona, apellidos, id_direccion_fk, fecha_nacimiento) values (76, 'Garwin', 'Toy', 31, '2/14/1985');
insert into persona (id_persona, nombre_persona, apellidos, id_direccion_fk, fecha_nacimiento) values (77, 'Lorrie', 'Ledrane', 98, '4/13/1995');
insert into persona (id_persona, nombre_persona, apellidos, id_direccion_fk, fecha_nacimiento) values (78, 'Gisella', 'Hubbocks', 26, '12/23/1990');
insert into persona (id_persona, nombre_persona, apellidos, id_direccion_fk, fecha_nacimiento) values (79, 'Dotti', 'Cosh', 56, '7/21/1991');
insert into persona (id_persona, nombre_persona, apellidos, id_direccion_fk, fecha_nacimiento) values (80, 'Dani', 'Stratley', 28, '7/16/1971');
insert into persona (id_persona, nombre_persona, apellidos, id_direccion_fk, fecha_nacimiento) values (81, 'Elie', 'felip', 31, '8/12/1996');
insert into persona (id_persona, nombre_persona, apellidos, id_direccion_fk, fecha_nacimiento) values (82, 'Morty', 'Bole', 23, '1/9/1992');
insert into persona (id_persona, nombre_persona, apellidos, id_direccion_fk, fecha_nacimiento) values (83, 'Crawford', 'Climson', 29, '8/6/1990');
insert into persona (id_persona, nombre_persona, apellidos, id_direccion_fk, fecha_nacimiento) values (84, 'Odessa', 'Dutchburn', 6, '10/22/1988');
insert into persona (id_persona, nombre_persona, apellidos, id_direccion_fk, fecha_nacimiento) values (85, 'Ardelle', 'MacFarlan', 34, '1/16/1989');
insert into persona (id_persona, nombre_persona, apellidos, id_direccion_fk, fecha_nacimiento) values (86, 'Abagael', 'Reynoldson', 17, '9/14/1999');
insert into persona (id_persona, nombre_persona, apellidos, id_direccion_fk, fecha_nacimiento) values (87, 'Leroi', 'Hukin', 80, '10/17/1981');
insert into persona (id_persona, nombre_persona, apellidos, id_direccion_fk, fecha_nacimiento) values (88, 'Morey', 'Doucette', 96, '10/28/1998');
insert into persona (id_persona, nombre_persona, apellidos, id_direccion_fk, fecha_nacimiento) values (89, 'Mirna', 'Escott', 11, '6/14/1984');
insert into persona (id_persona, nombre_persona, apellidos, id_direccion_fk, fecha_nacimiento) values (90, 'Roda', 'Fryett', 27, '4/9/1983');
insert into persona (id_persona, nombre_persona, apellidos, id_direccion_fk, fecha_nacimiento) values (91, 'Brenden', 'Gurney', 58, '4/27/1990');
insert into persona (id_persona, nombre_persona, apellidos, id_direccion_fk, fecha_nacimiento) values (92, 'Sly', 'Gierek', 88, '12/31/1991');
insert into persona (id_persona, nombre_persona, apellidos, id_direccion_fk, fecha_nacimiento) values (93, 'Diego', 'Crallan', 88, '9/17/1987');
insert into persona (id_persona, nombre_persona, apellidos, id_direccion_fk, fecha_nacimiento) values (94, 'Katee', 'Skade', 31, '11/29/1986');
insert into persona (id_persona, nombre_persona, apellidos, id_direccion_fk, fecha_nacimiento) values (95, 'Dorthy', 'Laird-Craig', 64, '10/31/1971');
insert into persona (id_persona, nombre_persona, apellidos, id_direccion_fk, fecha_nacimiento) values (96, 'Cynthea', 'Cordeiro', 56, '8/12/1980');
insert into persona (id_persona, nombre_persona, apellidos, id_direccion_fk, fecha_nacimiento) values (97, 'Hedda', 'Hembrow', 76, '5/20/1975');
insert into persona (id_persona, nombre_persona, apellidos, id_direccion_fk, fecha_nacimiento) values (98, 'Andria', 'Lergan', 19, '3/14/1979');
insert into persona (id_persona, nombre_persona, apellidos, id_direccion_fk, fecha_nacimiento) values (99, 'Nolan', 'Beccles', 85, '4/29/1987');
insert into persona (id_persona, nombre_persona, apellidos, id_direccion_fk, fecha_nacimiento) values (100, 'Cesya', 'Seage', 80, '10/26/1992');
--usuario
insert into usuario (id_usuario, usuario, contrasena, correo_electronico, telefono, id_persona_fk, tipo_usuario) values (1, 'ebarchrameev0', 'gB7g64', 'pvain0@multiply.com', 2, 1, 1);
insert into usuario (id_usuario, usuario, contrasena, correo_electronico, telefono, id_persona_fk, tipo_usuario) values (2, 'fbennett1', 'BVRvnvjUhA', 'rgovett1@purevolume.com', 1, 2, 2);
insert into usuario (id_usuario, usuario, contrasena, correo_electronico, telefono, id_persona_fk, tipo_usuario) values (3, 'ajaskiewicz2', 'fuL4J2Q1x1', 'nartus2@bandcamp.com', 2, 3, 2);
insert into usuario (id_usuario, usuario, contrasena, correo_electronico, telefono, id_persona_fk, tipo_usuario) values (4, 'cabsolem3', 'Xdy1K9vxCpuO', 'tkench3@cloudflare.com', 1, 4, 2);
insert into usuario (id_usuario, usuario, contrasena, correo_electronico, telefono, id_persona_fk, tipo_usuario) values (5, 'agurry4', 'rmakTM', 'ccubbini4@reverbnation.com', 1, 5, 2);
insert into usuario (id_usuario, usuario, contrasena, correo_electronico, telefono, id_persona_fk, tipo_usuario) values (6, 'saslott5', 'u3jbwAJkIQZ', 'acothey5@si.edu', 1, 6, 2);
insert into usuario (id_usuario, usuario, contrasena, correo_electronico, telefono, id_persona_fk, tipo_usuario) values (7, 'vwicklin6', 'pXt4WeJzrS2H', 'ztoulamain6@taobao.com', 1, 7, 2);
insert into usuario (id_usuario, usuario, contrasena, correo_electronico, telefono, id_persona_fk, tipo_usuario) values (8, 'hloach7', '6PKGvFXOyk3T', 'ameuse7@jiathis.com', 1, 8, 1);
insert into usuario (id_usuario, usuario, contrasena, correo_electronico, telefono, id_persona_fk, tipo_usuario) values (9, 'bkleehuhler8', 'qQ4VOXrj1', 'brennard8@weather.com', 2, 9, 1);
insert into usuario (id_usuario, usuario, contrasena, correo_electronico, telefono, id_persona_fk, tipo_usuario) values (10, 'nbankhurst9', 'ne3xy7ALA8', 'rhoundsom9@discovery.com', 2, 10, 2);
insert into usuario (id_usuario, usuario, contrasena, correo_electronico, telefono, id_persona_fk, tipo_usuario) values (11, 'jlandesa', 'MHDBwojME1', 'mmcgluea@nih.gov', 2, 11, 1);
insert into usuario (id_usuario, usuario, contrasena, correo_electronico, telefono, id_persona_fk, tipo_usuario) values (12, 'tgillisonb', 'iR6nLc0FOg', 'wbarthelemyb@joomla.org', 2, 12, 1);
insert into usuario (id_usuario, usuario, contrasena, correo_electronico, telefono, id_persona_fk, tipo_usuario) values (13, 'fkeynesc', 'DnR2Zp', 'pdudnyc@hatena.ne.jp', 1, 13, 1);
insert into usuario (id_usuario, usuario, contrasena, correo_electronico, telefono, id_persona_fk, tipo_usuario) values (14, 'mnisuisd', 'DOhHUgD', 'aslograved@cam.ac.uk', 1, 14, 1);
insert into usuario (id_usuario, usuario, contrasena, correo_electronico, telefono, id_persona_fk, tipo_usuario) values (15, 'mtoyee', 'GvIuFIb', 'lkrochmanne@admin.ch', 1, 15, 1);
insert into usuario (id_usuario, usuario, contrasena, correo_electronico, telefono, id_persona_fk, tipo_usuario) values (16, 'cethelstonf', 'JDL9u985Drb', 'lmccambridgef@aboutads.info', 2, 16, 1);
insert into usuario (id_usuario, usuario, contrasena, correo_electronico, telefono, id_persona_fk, tipo_usuario) values (17, 'ebazocheg', 'vz0KEVGRy', 'tgustickeg@addthis.com', 1, 17, 2);
insert into usuario (id_usuario, usuario, contrasena, correo_electronico, telefono, id_persona_fk, tipo_usuario) values (18, 'hcotthamh', 'f9Ak0fvFuVO', 'cdelafoyh@soup.io', 1, 18, 1);
insert into usuario (id_usuario, usuario, contrasena, correo_electronico, telefono, id_persona_fk, tipo_usuario) values (19, 'rlissetti', 'TL0wKGQrdE', 'aburlandi@discovery.com', 1, 19, 1);
insert into usuario (id_usuario, usuario, contrasena, correo_electronico, telefono, id_persona_fk, tipo_usuario) values (20, 'fswinburnej', 'nhfpHLvPU', 'ablucherj@ca.gov', 2, 20, 2);
insert into usuario (id_usuario, usuario, contrasena, correo_electronico, telefono, id_persona_fk, tipo_usuario) values (21, 'fpavinesek', 'A8TlgCxdq', 'ccamblink@nature.com', 2, 21, 1);
insert into usuario (id_usuario, usuario, contrasena, correo_electronico, telefono, id_persona_fk, tipo_usuario) values (22, 'nobleinl', 'wP8AMKRbO', 'eheartl@yahoo.com', 2, 22, 2);
insert into usuario (id_usuario, usuario, contrasena, correo_electronico, telefono, id_persona_fk, tipo_usuario) values (23, 'tlabounem', 'tajWmcVJO3u', 'rblancm@youtu.be', 1, 23, 1);
insert into usuario (id_usuario, usuario, contrasena, correo_electronico, telefono, id_persona_fk, tipo_usuario) values (24, 'znarisn', 'tAWd4nku', 'amarzellan@cbc.ca', 2, 24, 1);
insert into usuario (id_usuario, usuario, contrasena, correo_electronico, telefono, id_persona_fk, tipo_usuario) values (25, 'einnocento', 'tjezvR98', 'tsimnello@hhs.gov', 1, 25, 2);
insert into usuario (id_usuario, usuario, contrasena, correo_electronico, telefono, id_persona_fk, tipo_usuario) values (26, 'wlawlanp', '1AVZ2x', 'jkarlolakp@kickstarter.com', 2, 26, 2);
insert into usuario (id_usuario, usuario, contrasena, correo_electronico, telefono, id_persona_fk, tipo_usuario) values (27, 'rmullenq', 'UwuwB1nPbbQ', 'fleaburnq@unesco.org', 1, 27, 1);
insert into usuario (id_usuario, usuario, contrasena, correo_electronico, telefono, id_persona_fk, tipo_usuario) values (28, 'mkingmanr', 'dstmuvBbFkv', 'jcunrador@xrea.com', 2, 28, 2);
insert into usuario (id_usuario, usuario, contrasena, correo_electronico, telefono, id_persona_fk, tipo_usuario) values (29, 'nlinsters', '2HkAWlB', 'ccawses@bandcamp.com', 1, 29, 1);
insert into usuario (id_usuario, usuario, contrasena, correo_electronico, telefono, id_persona_fk, tipo_usuario) values (30, 'aashtonhurstt', 'roMm0Nm', 'rmarkost@soundcloud.com', 2, 30, 1);
insert into usuario (id_usuario, usuario, contrasena, correo_electronico, telefono, id_persona_fk, tipo_usuario) values (31, 'rkolyaginu', 'MuUla6', 'ewehdenu@xinhuanet.com', 2, 31, 2);
insert into usuario (id_usuario, usuario, contrasena, correo_electronico, telefono, id_persona_fk, tipo_usuario) values (32, 'hmcpharlainv', '6ZQEAvYcU42', 'qlauxv@blogger.com', 2, 32, 1);
insert into usuario (id_usuario, usuario, contrasena, correo_electronico, telefono, id_persona_fk, tipo_usuario) values (33, 'ppanyerw', 'wXwf1PpCp', 'sratazziw@ustream.tv', 2, 33, 1);
insert into usuario (id_usuario, usuario, contrasena, correo_electronico, telefono, id_persona_fk, tipo_usuario) values (34, 'dmelburgx', 'oQnWZJx2KwCm', 'sstembridgex@answers.com', 2, 34, 2);
insert into usuario (id_usuario, usuario, contrasena, correo_electronico, telefono, id_persona_fk, tipo_usuario) values (35, 'hcoultasy', 'jBFrT38hBe', 'frockhilly@java.com', 2, 35, 1);
insert into usuario (id_usuario, usuario, contrasena, correo_electronico, telefono, id_persona_fk, tipo_usuario) values (36, 'mdanielyz', 'J3P0KW', 'mwarbeyz@altervista.org', 2, 36, 2);
insert into usuario (id_usuario, usuario, contrasena, correo_electronico, telefono, id_persona_fk, tipo_usuario) values (37, 'nduddan10', 'hKfqhxk', 'amacgowing10@topsy.com', 1, 37, 2);
insert into usuario (id_usuario, usuario, contrasena, correo_electronico, telefono, id_persona_fk, tipo_usuario) values (38, 'knowakowski11', 'GDNwSq6vioT', 'slaundon11@umich.edu', 2, 38, 1);
insert into usuario (id_usuario, usuario, contrasena, correo_electronico, telefono, id_persona_fk, tipo_usuario) values (39, 'hbrandolini12', 'AlFjm4AAwejG', 'mscoullar12@nytimes.com', 2, 39, 1);
insert into usuario (id_usuario, usuario, contrasena, correo_electronico, telefono, id_persona_fk, tipo_usuario) values (40, 'pstopher13', '0o6LKXAuq1rw', 'cshimwall13@jalbum.net', 1, 40, 1);
insert into usuario (id_usuario, usuario, contrasena, correo_electronico, telefono, id_persona_fk, tipo_usuario) values (41, 'gbirchill14', 'fO5VidLw2Yb1', 'lllop14@zimbio.com', 1, 41, 2);
insert into usuario (id_usuario, usuario, contrasena, correo_electronico, telefono, id_persona_fk, tipo_usuario) values (42, 'struitt15', '70FutIBFHY1', 'cbrundill15@google.com.br', 2, 42, 1);
insert into usuario (id_usuario, usuario, contrasena, correo_electronico, telefono, id_persona_fk, tipo_usuario) values (43, 'aramalhete16', 'aH7FJN5Oj6', 'uwickwarth16@noaa.gov', 1, 43, 1);
insert into usuario (id_usuario, usuario, contrasena, correo_electronico, telefono, id_persona_fk, tipo_usuario) values (44, 'lpeers17', 'danaqfzt', 'madess17@cbslocal.com', 2, 44, 1);
insert into usuario (id_usuario, usuario, contrasena, correo_electronico, telefono, id_persona_fk, tipo_usuario) values (45, 'jdorr18', 'JRFhECD4SSX', 'cchisnell18@kickstarter.com', 1, 45, 1);
insert into usuario (id_usuario, usuario, contrasena, correo_electronico, telefono, id_persona_fk, tipo_usuario) values (46, 'dhugland19', 'DFTNxc7P1', 'cmacian19@ustream.tv', 1, 46, 2);
insert into usuario (id_usuario, usuario, contrasena, correo_electronico, telefono, id_persona_fk, tipo_usuario) values (47, 'cwytchard1a', 'KMT5Uc4', 'rellaman1a@desdev.cn', 2, 47, 2);
insert into usuario (id_usuario, usuario, contrasena, correo_electronico, telefono, id_persona_fk, tipo_usuario) values (48, 'cthunnercliff1b', 'YUGL7HgReA', 'idavidovits1b@seesaa.net', 1, 48, 2);
insert into usuario (id_usuario, usuario, contrasena, correo_electronico, telefono, id_persona_fk, tipo_usuario) values (49, 'afibben1c', 'gPeS36sXlN', 'wcrafts1c@free.fr', 2, 49, 1);
insert into usuario (id_usuario, usuario, contrasena, correo_electronico, telefono, id_persona_fk, tipo_usuario) values (50, 'asoonhouse1d', '1XWsvHN4', 'ssartin1d@t.co', 1, 50, 1);
insert into usuario (id_usuario, usuario, contrasena, correo_electronico, telefono, id_persona_fk, tipo_usuario) values (51, 'pmcteague1e', 'YF2ERXR', 'wmccorkell1e@123-reg.co.uk', 1, 51, 1);
insert into usuario (id_usuario, usuario, contrasena, correo_electronico, telefono, id_persona_fk, tipo_usuario) values (52, 'kludman1f', 'S22lJ5Nz', 'vpummell1f@bbb.org', 1, 52, 2);
insert into usuario (id_usuario, usuario, contrasena, correo_electronico, telefono, id_persona_fk, tipo_usuario) values (53, 'sfalla1g', 'OmXM3P', 'sknok1g@soundcloud.com', 2, 53, 2);
insert into usuario (id_usuario, usuario, contrasena, correo_electronico, telefono, id_persona_fk, tipo_usuario) values (54, 'rkeave1h', 'IkYwesWuCH', 'rdarte1h@bing.com', 2, 54, 1);
insert into usuario (id_usuario, usuario, contrasena, correo_electronico, telefono, id_persona_fk, tipo_usuario) values (55, 'bfrancisco1i', 'u1W5k8nrlwd', 'aizzett1i@skyrock.com', 1, 55, 1);
insert into usuario (id_usuario, usuario, contrasena, correo_electronico, telefono, id_persona_fk, tipo_usuario) values (56, 'hmcardell1j', 'zIhtsF', 'aheyball1j@arstechnica.com', 1, 56, 1);
insert into usuario (id_usuario, usuario, contrasena, correo_electronico, telefono, id_persona_fk, tipo_usuario) values (57, 'wbeen1k', '9byBR5AFCOW', 'pprangle1k@jugem.jp', 2, 57, 1);
insert into usuario (id_usuario, usuario, contrasena, correo_electronico, telefono, id_persona_fk, tipo_usuario) values (58, 'ljeacop1l', 'IalTMn', 'lisaacs1l@yale.edu', 2, 58, 2);
insert into usuario (id_usuario, usuario, contrasena, correo_electronico, telefono, id_persona_fk, tipo_usuario) values (59, 'lkitcherside1m', 'lvdu01', 'jswayte1m@sbwire.com', 1, 59, 2);
insert into usuario (id_usuario, usuario, contrasena, correo_electronico, telefono, id_persona_fk, tipo_usuario) values (60, 'tmelhuish1n', 'lmvJ1I2cEIH', 'liacomettii1n@sun.com', 1, 60, 1);
insert into usuario (id_usuario, usuario, contrasena, correo_electronico, telefono, id_persona_fk, tipo_usuario) values (61, 'kchoke1o', 'Ag0kQ4', 'jmawd1o@weibo.com', 2, 61, 1);
insert into usuario (id_usuario, usuario, contrasena, correo_electronico, telefono, id_persona_fk, tipo_usuario) values (62, 'lfreschi1p', 'bJkpBFQCmqU', 'kjiruca1p@washingtonpost.com', 2, 62, 1);
insert into usuario (id_usuario, usuario, contrasena, correo_electronico, telefono, id_persona_fk, tipo_usuario) values (63, 'lreed1q', 'canZOUT', 'jgrube1q@360.cn', 2, 63, 2);
insert into usuario (id_usuario, usuario, contrasena, correo_electronico, telefono, id_persona_fk, tipo_usuario) values (64, 'johrt1r', 'yqh8wBszpX', 'jdunk1r@i2i.jp', 2, 64, 2);
insert into usuario (id_usuario, usuario, contrasena, correo_electronico, telefono, id_persona_fk, tipo_usuario) values (65, 'cwreakes1s', 'NxSCwcD', 'ejelliman1s@youtube.com', 2, 65, 2);
insert into usuario (id_usuario, usuario, contrasena, correo_electronico, telefono, id_persona_fk, tipo_usuario) values (66, 'lnazaret1t', '5PVMYw', 'cpithie1t@ow.ly', 2, 66, 1);
insert into usuario (id_usuario, usuario, contrasena, correo_electronico, telefono, id_persona_fk, tipo_usuario) values (67, 'neake1u', 'LISTRIFyR', 'pfellman1u@patch.com', 1, 67, 2);
insert into usuario (id_usuario, usuario, contrasena, correo_electronico, telefono, id_persona_fk, tipo_usuario) values (68, 'sfritschel1v', 'CRxLLK0K17', 'mbasset1v@soup.io', 2, 68, 1);
insert into usuario (id_usuario, usuario, contrasena, correo_electronico, telefono, id_persona_fk, tipo_usuario) values (69, 'apursehouse1w', 'A88dHe6f7', 'avonderempten1w@ebay.co.uk', 2, 69, 2);
insert into usuario (id_usuario, usuario, contrasena, correo_electronico, telefono, id_persona_fk, tipo_usuario) values (70, 'dfagan1x', 'iw4K6OYFleD', 'dmcauslan1x@pen.io', 1, 70, 2);
insert into usuario (id_usuario, usuario, contrasena, correo_electronico, telefono, id_persona_fk, tipo_usuario) values (71, 'dickov1y', '7INVrWqnCb', 'mcastelletto1y@wufoo.com', 2, 71, 1);
insert into usuario (id_usuario, usuario, contrasena, correo_electronico, telefono, id_persona_fk, tipo_usuario) values (72, 'icote1z', 'pZXCPHfiD', 'cbrackenbury1z@mapquest.com', 2, 72, 2);
insert into usuario (id_usuario, usuario, contrasena, correo_electronico, telefono, id_persona_fk, tipo_usuario) values (73, 'epoundesford20', 'Mg8eMgsXBt', 'kmulvin20@census.gov', 2, 73, 2);
insert into usuario (id_usuario, usuario, contrasena, correo_electronico, telefono, id_persona_fk, tipo_usuario) values (74, 'tcoole21', 'T0PtudtpUIx', 'mpieper21@google.co.jp', 1, 74, 1);
insert into usuario (id_usuario, usuario, contrasena, correo_electronico, telefono, id_persona_fk, tipo_usuario) values (75, 'mnobbs22', 'M1ucrM1hsX', 'dshoebrook22@ifeng.com', 1, 75, 2);
insert into usuario (id_usuario, usuario, contrasena, correo_electronico, telefono, id_persona_fk, tipo_usuario) values (76, 'nomara23', 'ntdrIQ5', 'chinsche23@livejournal.com', 1, 76, 2);
insert into usuario (id_usuario, usuario, contrasena, correo_electronico, telefono, id_persona_fk, tipo_usuario) values (77, 'jhanrott24', 'C37rXXH', 'rapperley24@amazon.com', 2, 77, 2);
insert into usuario (id_usuario, usuario, contrasena, correo_electronico, telefono, id_persona_fk, tipo_usuario) values (78, 'lgallymore25', 'bszDl79lROiP', 'bsimcox25@ucoz.ru', 2, 78, 2);
insert into usuario (id_usuario, usuario, contrasena, correo_electronico, telefono, id_persona_fk, tipo_usuario) values (79, 'kmoyser26', 'awu6w5Y2', 'fhubbold26@over-blog.com', 2, 79, 1);
insert into usuario (id_usuario, usuario, contrasena, correo_electronico, telefono, id_persona_fk, tipo_usuario) values (80, 'bcrab27', '5Fz6dkWNv', 'lfladgate27@ebay.co.uk', 2, 80, 2);
insert into usuario (id_usuario, usuario, contrasena, correo_electronico, telefono, id_persona_fk, tipo_usuario) values (81, 'zmabbs28', 'xl1lCI', 'jschimann28@irs.gov', 1, 81, 2);
insert into usuario (id_usuario, usuario, contrasena, correo_electronico, telefono, id_persona_fk, tipo_usuario) values (82, 'gspiaggia29', 'LocBN0z', 'rbartozzi29@technorati.com', 1, 82, 1);
insert into usuario (id_usuario, usuario, contrasena, correo_electronico, telefono, id_persona_fk, tipo_usuario) values (83, 'umycock2a', 'YNBfYQM', 'hsircombe2a@pbs.org', 2, 83, 1);
insert into usuario (id_usuario, usuario, contrasena, correo_electronico, telefono, id_persona_fk, tipo_usuario) values (84, 'scaro2b', '7IB79r6', 'larmes2b@uol.com.br', 2, 84, 1);
insert into usuario (id_usuario, usuario, contrasena, correo_electronico, telefono, id_persona_fk, tipo_usuario) values (85, 'wfilisov2c', 'bZhUbyle6tmS', 'achallenor2c@kickstarter.com', 2, 85, 2);
insert into usuario (id_usuario, usuario, contrasena, correo_electronico, telefono, id_persona_fk, tipo_usuario) values (86, 'vcallery2d', 'CaySO3', 'bdechelette2d@pagesperso-orange.fr', 2, 86, 1);
insert into usuario (id_usuario, usuario, contrasena, correo_electronico, telefono, id_persona_fk, tipo_usuario) values (87, 'mbouldstridge2e', 'IBzKJgVLq', 'llabden2e@un.org', 1, 87, 2);
insert into usuario (id_usuario, usuario, contrasena, correo_electronico, telefono, id_persona_fk, tipo_usuario) values (88, 'lcrockley2f', '72pcwuO97', 'arebbeck2f@wiley.com', 2, 88, 2);
insert into usuario (id_usuario, usuario, contrasena, correo_electronico, telefono, id_persona_fk, tipo_usuario) values (89, 'fdewicke2g', 'ipAAKCwl', 'sstraughan2g@blogs.com', 1, 89, 2);
insert into usuario (id_usuario, usuario, contrasena, correo_electronico, telefono, id_persona_fk, tipo_usuario) values (90, 'ameaddowcroft2h', 'XY9c0h6', 'ghefford2h@uol.com.br', 1, 90, 2);
insert into usuario (id_usuario, usuario, contrasena, correo_electronico, telefono, id_persona_fk, tipo_usuario) values (91, 'zerridge2i', 'cBhYbkZdH6CG', 'otuley2i@vinaora.com', 1, 91, 1);
insert into usuario (id_usuario, usuario, contrasena, correo_electronico, telefono, id_persona_fk, tipo_usuario) values (92, 'bmilward2j', 'P6Zlohtq', 'rmccurdy2j@jiathis.com', 2, 92, 1);
insert into usuario (id_usuario, usuario, contrasena, correo_electronico, telefono, id_persona_fk, tipo_usuario) values (93, 'gmazella2k', '3ED8yCY', 'mfedder2k@hc360.com', 2, 93, 1);
insert into usuario (id_usuario, usuario, contrasena, correo_electronico, telefono, id_persona_fk, tipo_usuario) values (94, 'gwells2l', 'RjOGqx9YS1', 'lreboulet2l@woothemes.com', 1, 94, 1);
insert into usuario (id_usuario, usuario, contrasena, correo_electronico, telefono, id_persona_fk, tipo_usuario) values (95, 'ylumsdaine2m', 'dxXcCOT54t6E', 'rjakubovski2m@tripadvisor.com', 1, 95, 2);
insert into usuario (id_usuario, usuario, contrasena, correo_electronico, telefono, id_persona_fk, tipo_usuario) values (96, 'aosmant2n', 'CLVo4fDaVA', 'lpinchen2n@jalbum.net', 2, 96, 1);
insert into usuario (id_usuario, usuario, contrasena, correo_electronico, telefono, id_persona_fk, tipo_usuario) values (97, 'aterbrugge2o', 'EckiSOxmlj', 'sknee2o@washington.edu', 1, 97, 2);
insert into usuario (id_usuario, usuario, contrasena, correo_electronico, telefono, id_persona_fk, tipo_usuario) values (98, 'hlloyds2p', '33XLzgm', 'zseif2p@hatena.ne.jp', 1, 98, 1);
insert into usuario (id_usuario, usuario, contrasena, correo_electronico, telefono, id_persona_fk, tipo_usuario) values (99, 'kgymlett2q', 'QwOTY6lA', 'caronoff2q@google.ru', 2, 99, 1);
insert into usuario (id_usuario, usuario, contrasena, correo_electronico, telefono, id_persona_fk, tipo_usuario) values (100, 'jludye2r', 'DFTzFVzA', 'gbiaggioni2r@ucsd.edu', 1, 100, 1);

--donador
insert into donador (id_donador, id_contrato, id_usuario) values (1, 1, 29);
insert into donador (id_donador, id_contrato, id_usuario) values (2, 3, 43);
insert into donador (id_donador, id_contrato, id_usuario) values (3, 3, 11);
insert into donador (id_donador, id_contrato, id_usuario) values (4, 3, 31);
insert into donador (id_donador, id_contrato, id_usuario) values (5, 2, 7);
insert into donador (id_donador, id_contrato, id_usuario) values (6, 3, 42);
insert into donador (id_donador, id_contrato, id_usuario) values (7, 1, 48);
insert into donador (id_donador, id_contrato, id_usuario) values (8, 1, 50);
insert into donador (id_donador, id_contrato, id_usuario) values (9, 3, 34);
insert into donador (id_donador, id_contrato, id_usuario) values (10, 1, 18);
insert into donador (id_donador, id_contrato, id_usuario) values (11, 3, 25);
insert into donador (id_donador, id_contrato, id_usuario) values (12, 2, 17);
insert into donador (id_donador, id_contrato, id_usuario) values (13, 2, 13);
insert into donador (id_donador, id_contrato, id_usuario) values (14, 3, 37);
insert into donador (id_donador, id_contrato, id_usuario) values (15, 1, 11);
insert into donador (id_donador, id_contrato, id_usuario) values (16, 3, 10);
insert into donador (id_donador, id_contrato, id_usuario) values (17, 1, 32);
insert into donador (id_donador, id_contrato, id_usuario) values (18, 2, 48);
insert into donador (id_donador, id_contrato, id_usuario) values (19, 1, 18);
insert into donador (id_donador, id_contrato, id_usuario) values (20, 2, 39);
insert into donador (id_donador, id_contrato, id_usuario) values (21, 1, 13);
insert into donador (id_donador, id_contrato, id_usuario) values (22, 3, 15);
insert into donador (id_donador, id_contrato, id_usuario) values (23, 2, 37);
insert into donador (id_donador, id_contrato, id_usuario) values (24, 3, 44);
insert into donador (id_donador, id_contrato, id_usuario) values (25, 1, 28);
insert into donador (id_donador, id_contrato, id_usuario) values (26, 2, 48);
insert into donador (id_donador, id_contrato, id_usuario) values (27, 1, 13);
insert into donador (id_donador, id_contrato, id_usuario) values (28, 2, 8);
insert into donador (id_donador, id_contrato, id_usuario) values (29, 3, 12);
insert into donador (id_donador, id_contrato, id_usuario) values (30, 1, 47);
--emprendedor
insert into emprendedor (id_emprendedor, id_imagen, id_tipo_emprendimiento, id_contrato, id_usuario) values (1, 7, 1, 3, 1);
insert into emprendedor (id_emprendedor, id_imagen, id_tipo_emprendimiento, id_contrato, id_usuario) values (2, 15, 2, 2, 7);
insert into emprendedor (id_emprendedor, id_imagen, id_tipo_emprendimiento, id_contrato, id_usuario) values (3, 6, 3, 3, 15);
insert into emprendedor (id_emprendedor, id_imagen, id_tipo_emprendimiento, id_contrato, id_usuario) values (4, 14, 3, 3, 5);
insert into emprendedor (id_emprendedor, id_imagen, id_tipo_emprendimiento, id_contrato, id_usuario) values (5, 7, 1, 1, 16);
insert into emprendedor (id_emprendedor, id_imagen, id_tipo_emprendimiento, id_contrato, id_usuario) values (6, 6, 1, 2, 18);
insert into emprendedor (id_emprendedor, id_imagen, id_tipo_emprendimiento, id_contrato, id_usuario) values (7, 15, 2, 2, 20);
insert into emprendedor (id_emprendedor, id_imagen, id_tipo_emprendimiento, id_contrato, id_usuario) values (8, 10, 1, 2, 3);
insert into emprendedor (id_emprendedor, id_imagen, id_tipo_emprendimiento, id_contrato, id_usuario) values (9, 3, 3, 3, 7);
insert into emprendedor (id_emprendedor, id_imagen, id_tipo_emprendimiento, id_contrato, id_usuario) values (10, 8, 3, 1, 20);
insert into emprendedor (id_emprendedor, id_imagen, id_tipo_emprendimiento, id_contrato, id_usuario) values (11, 2, 2, 3, 3);
insert into emprendedor (id_emprendedor, id_imagen, id_tipo_emprendimiento, id_contrato, id_usuario) values (12, 16, 1, 3, 9);
insert into emprendedor (id_emprendedor, id_imagen, id_tipo_emprendimiento, id_contrato, id_usuario) values (13, 7, 3, 2, 16);
insert into emprendedor (id_emprendedor, id_imagen, id_tipo_emprendimiento, id_contrato, id_usuario) values (14, 6, 2, 2, 5);
insert into emprendedor (id_emprendedor, id_imagen, id_tipo_emprendimiento, id_contrato, id_usuario) values (15, 13, 1, 3, 9);
insert into emprendedor (id_emprendedor, id_imagen, id_tipo_emprendimiento, id_contrato, id_usuario) values (16, 6, 1, 3, 15);
insert into emprendedor (id_emprendedor, id_imagen, id_tipo_emprendimiento, id_contrato, id_usuario) values (17, 2, 3, 1, 19);
insert into emprendedor (id_emprendedor, id_imagen, id_tipo_emprendimiento, id_contrato, id_usuario) values (18, 8, 1, 3, 4);
insert into emprendedor (id_emprendedor, id_imagen, id_tipo_emprendimiento, id_contrato, id_usuario) values (19, 12, 2, 1, 2);
insert into emprendedor (id_emprendedor, id_imagen, id_tipo_emprendimiento, id_contrato, id_usuario) values (20, 10, 1, 2, 13);
insert into emprendedor (id_emprendedor, id_imagen, id_tipo_emprendimiento, id_contrato, id_usuario) values (21, 7, 1, 1, 13);
insert into emprendedor (id_emprendedor, id_imagen, id_tipo_emprendimiento, id_contrato, id_usuario) values (22, 19, 2, 1, 1);
insert into emprendedor (id_emprendedor, id_imagen, id_tipo_emprendimiento, id_contrato, id_usuario) values (23, 13, 2, 3, 17);
insert into emprendedor (id_emprendedor, id_imagen, id_tipo_emprendimiento, id_contrato, id_usuario) values (24, 11, 1, 3, 20);
insert into emprendedor (id_emprendedor, id_imagen, id_tipo_emprendimiento, id_contrato, id_usuario) values (25, 19, 1, 3, 10);
insert into emprendedor (id_emprendedor, id_imagen, id_tipo_emprendimiento, id_contrato, id_usuario) values (26, 2, 2, 3, 17);
insert into emprendedor (id_emprendedor, id_imagen, id_tipo_emprendimiento, id_contrato, id_usuario) values (27, 3, 2, 3, 18);
insert into emprendedor (id_emprendedor, id_imagen, id_tipo_emprendimiento, id_contrato, id_usuario) values (28, 1, 2, 3, 17);
insert into emprendedor (id_emprendedor, id_imagen, id_tipo_emprendimiento, id_contrato, id_usuario) values (29, 4, 2, 2, 1);
insert into emprendedor (id_emprendedor, id_imagen, id_tipo_emprendimiento, id_contrato, id_usuario) values (30, 11, 3, 1, 18);
insert into emprendedor (id_emprendedor, id_imagen, id_tipo_emprendimiento, id_contrato, id_usuario) values (31, 4, 3, 2, 3);
insert into emprendedor (id_emprendedor, id_imagen, id_tipo_emprendimiento, id_contrato, id_usuario) values (32, 16, 3, 3, 17);
insert into emprendedor (id_emprendedor, id_imagen, id_tipo_emprendimiento, id_contrato, id_usuario) values (33, 7, 1, 2, 8);
insert into emprendedor (id_emprendedor, id_imagen, id_tipo_emprendimiento, id_contrato, id_usuario) values (34, 12, 3, 3, 4);
insert into emprendedor (id_emprendedor, id_imagen, id_tipo_emprendimiento, id_contrato, id_usuario) values (35, 5, 2, 3, 8);
insert into emprendedor (id_emprendedor, id_imagen, id_tipo_emprendimiento, id_contrato, id_usuario) values (36, 7, 1, 1, 5);
insert into emprendedor (id_emprendedor, id_imagen, id_tipo_emprendimiento, id_contrato, id_usuario) values (37, 8, 2, 1, 8);
insert into emprendedor (id_emprendedor, id_imagen, id_tipo_emprendimiento, id_contrato, id_usuario) values (38, 12, 3, 3, 6);
insert into emprendedor (id_emprendedor, id_imagen, id_tipo_emprendimiento, id_contrato, id_usuario) values (39, 19, 3, 1, 13);
insert into emprendedor (id_emprendedor, id_imagen, id_tipo_emprendimiento, id_contrato, id_usuario) values (40, 7, 3, 3, 14);
--proyecto
insert into proyecto (id_proyecto, nombre_proyecto, descripcion, monto_recaudar, id_emprendedor, hora_inicio, hora_fin, id_estado, fecha_inicio, fecha_fin) values (1, 'Collinsia rattanii A. Gray ssp. rattanii', 'Duis aliquam convallis nunc. Proin at turpis a pede posuere nonummy. Integer non velit.', 4238.6952, 16, '4:52', '4:46', 3, '4/15/2021', '4/4/2021');
insert into proyecto (id_proyecto, nombre_proyecto, descripcion, monto_recaudar, id_emprendedor, hora_inicio, hora_fin, id_estado, fecha_inicio, fecha_fin) values (2, 'Crataegus hudsonica Sarg. (pro sp.)', 'Suspendisse potenti. In eleifend quam a odio. In hac habitasse platea dictumst.', 4760.5245, 16, '13:22', '2:31', 2, '4/12/2021', '4/13/2021');
insert into proyecto (id_proyecto, nombre_proyecto, descripcion, monto_recaudar, id_emprendedor, hora_inicio, hora_fin, id_estado, fecha_inicio, fecha_fin) values (3, 'Ranunculus austrooreganus L.D. Benson', 'Etiam vel augue. Vestibulum rutrum rutrum neque. Aenean auctor gravida sem.', 1298.836, 11, '3:06', '4:38', 2, '4/6/2021', '4/9/2021');
insert into proyecto (id_proyecto, nombre_proyecto, descripcion, monto_recaudar, id_emprendedor, hora_inicio, hora_fin, id_estado, fecha_inicio, fecha_fin) values (4, 'Hymenostylium Brid.', 'Quisque porta volutpat erat. Quisque erat eros, viverra eget, congue eget, semper rutrum, nulla. Nunc purus.', 2194.0255, 19, '18:45', '20:13', 3, '4/10/2021', '4/1/2021');
insert into proyecto (id_proyecto, nombre_proyecto, descripcion, monto_recaudar, id_emprendedor, hora_inicio, hora_fin, id_estado, fecha_inicio, fecha_fin) values (5, 'Hexalectris grandiflora (A. Rich. & Galeotti) L.O. Williams', 'Vestibulum ac est lacinia nisi venenatis tristique. Fusce congue, diam id ornare imperdiet, sapien urna pretium nisl, ut volutpat sapien arcu sed augue. Aliquam erat volutpat.', 4221.8705, 27, '4:46', '14:06', 3, '4/1/2021', '4/14/2021');
insert into proyecto (id_proyecto, nombre_proyecto, descripcion, monto_recaudar, id_emprendedor, hora_inicio, hora_fin, id_estado, fecha_inicio, fecha_fin) values (6, 'Brya ebenus (L.) DC.', 'Fusce posuere felis sed lacus. Morbi sem mauris, laoreet ut, rhoncus aliquet, pulvinar sed, nisl. Nunc rhoncus dui vel sem.', 8004.3896, 8, '8:56', '9:36', 1, '4/1/2021', '4/2/2021');
insert into proyecto (id_proyecto, nombre_proyecto, descripcion, monto_recaudar, id_emprendedor, hora_inicio, hora_fin, id_estado, fecha_inicio, fecha_fin) values (7, 'Eleocharis engelmannii Steud.', 'Nulla ut erat id mauris vulputate elementum. Nullam varius. Nulla facilisi.', 3016.0118, 3, '4:51', '6:59', 1, '4/17/2021', '4/1/2021');
insert into proyecto (id_proyecto, nombre_proyecto, descripcion, monto_recaudar, id_emprendedor, hora_inicio, hora_fin, id_estado, fecha_inicio, fecha_fin) values (8, 'Senecio eremophilus Richardson var. kingii (Rydb.) Greenm.', 'Duis bibendum. Morbi non quam nec dui luctus rutrum. Nulla tellus.', 2529.9035, 18, '2:43', '11:00', 3, '4/5/2021', '4/19/2021');
insert into proyecto (id_proyecto, nombre_proyecto, descripcion, monto_recaudar, id_emprendedor, hora_inicio, hora_fin, id_estado, fecha_inicio, fecha_fin) values (9, 'Bahia absinthifolia Benth. var. absinthifolia', 'Fusce consequat. Nulla nisl. Nunc nisl.', 3690.7601, 16, '4:07', '18:35', 3, '4/4/2021', '4/4/2021');
insert into proyecto (id_proyecto, nombre_proyecto, descripcion, monto_recaudar, id_emprendedor, hora_inicio, hora_fin, id_estado, fecha_inicio, fecha_fin) values (10, 'Labordia waiolani Wawra', 'Curabitur in libero ut massa volutpat convallis. Morbi odio odio, elementum eu, interdum eu, tincidunt in, leo. Maecenas pulvinar lobortis est.', 6759.409, 2, '13:32', '21:03', 2, '4/8/2021', '4/17/2021');
insert into proyecto (id_proyecto, nombre_proyecto, descripcion, monto_recaudar, id_emprendedor, hora_inicio, hora_fin, id_estado, fecha_inicio, fecha_fin) values (11, 'Salsola kali L. ssp. kali', 'Integer tincidunt ante vel ipsum. Praesent blandit lacinia erat. Vestibulum sed magna at nunc commodo placerat.', 8753.9877, 15, '17:35', '6:05', 1, '4/12/2021', '4/17/2021');
insert into proyecto (id_proyecto, nombre_proyecto, descripcion, monto_recaudar, id_emprendedor, hora_inicio, hora_fin, id_estado, fecha_inicio, fecha_fin) values (12, 'Leucothoe fontanesiana (Steud.) Sleumer', 'Sed sagittis. Nam congue, risus semper porta volutpat, quam pede lobortis ligula, sit amet eleifend pede libero quis orci. Nullam molestie nibh in lectus.', 5274.7403, 10, '13:33', '20:01', 3, '4/10/2021', '4/15/2021');
insert into proyecto (id_proyecto, nombre_proyecto, descripcion, monto_recaudar, id_emprendedor, hora_inicio, hora_fin, id_estado, fecha_inicio, fecha_fin) values (13, 'Salix bicolor Fr.', 'Suspendisse potenti. In eleifend quam a odio. In hac habitasse platea dictumst.', 8692.3351, 11, '0:00', '21:25', 1, '4/6/2021', '4/12/2021');
insert into proyecto (id_proyecto, nombre_proyecto, descripcion, monto_recaudar, id_emprendedor, hora_inicio, hora_fin, id_estado, fecha_inicio, fecha_fin) values (14, 'Polygonella polygama (Vent.) Engelm. & A. Gray', 'Aliquam quis turpis eget elit sodales scelerisque. Mauris sit amet eros. Suspendisse accumsan tortor quis turpis.', 3753.3061, 11, '7:09', '23:38', 3, '4/6/2021', '4/11/2021');
insert into proyecto (id_proyecto, nombre_proyecto, descripcion, monto_recaudar, id_emprendedor, hora_inicio, hora_fin, id_estado, fecha_inicio, fecha_fin) values (15, 'Houstonia purpurea L.', 'Morbi non lectus. Aliquam sit amet diam in magna bibendum imperdiet. Nullam orci pede, venenatis non, sodales sed, tincidunt eu, felis.', 3186.4452, 15, '7:49', '9:29', 1, '4/9/2021', '4/14/2021');
insert into proyecto (id_proyecto, nombre_proyecto, descripcion, monto_recaudar, id_emprendedor, hora_inicio, hora_fin, id_estado, fecha_inicio, fecha_fin) values (16, 'Heteropogon Pers.', 'Donec diam neque, vestibulum eget, vulputate ut, ultrices vel, augue. Vestibulum ante ipsum primis in faucibus orci luctus et ultrices posuere cubilia Curae; Donec pharetra, magna vestibulum aliquet ultrices, erat tortor sollicitudin mi, sit amet lobortis sapien sapien non mi. Integer ac neque.', 6310.6835, 5, '16:49', '19:01', 1, '4/2/2021', '4/18/2021');
insert into proyecto (id_proyecto, nombre_proyecto, descripcion, monto_recaudar, id_emprendedor, hora_inicio, hora_fin, id_estado, fecha_inicio, fecha_fin) values (17, 'Astragalus spatulatus Sheldon', 'Fusce posuere felis sed lacus. Morbi sem mauris, laoreet ut, rhoncus aliquet, pulvinar sed, nisl. Nunc rhoncus dui vel sem.', 9348.7961, 2, '20:10', '0:53', 1, '4/15/2021', '4/13/2021');
insert into proyecto (id_proyecto, nombre_proyecto, descripcion, monto_recaudar, id_emprendedor, hora_inicio, hora_fin, id_estado, fecha_inicio, fecha_fin) values (18, 'Caulophyllum thalictroides (L.) Michx.', 'Lorem ipsum dolor sit amet, consectetuer adipiscing elit. Proin risus. Praesent lectus.', 1760.001, 19, '12:00', '12:48', 1, '4/18/2021', '4/8/2021');
insert into proyecto (id_proyecto, nombre_proyecto, descripcion, monto_recaudar, id_emprendedor, hora_inicio, hora_fin, id_estado, fecha_inicio, fecha_fin) values (19, 'Glyceria fluitans (L.) R. Br.', 'Duis bibendum, felis sed interdum venenatis, turpis enim blandit mi, in porttitor pede justo eu massa. Donec dapibus. Duis at velit eu est congue elementum.', 9265.1468, 24, '18:21', '1:08', 3, '4/14/2021', '4/15/2021');
insert into proyecto (id_proyecto, nombre_proyecto, descripcion, monto_recaudar, id_emprendedor, hora_inicio, hora_fin, id_estado, fecha_inicio, fecha_fin) values (20, 'Spermacoce L.', 'Suspendisse potenti. In eleifend quam a odio. In hac habitasse platea dictumst.', 7485.815, 9, '6:18', '13:51', 2, '4/9/2021', '4/15/2021');
insert into proyecto (id_proyecto, nombre_proyecto, descripcion, monto_recaudar, id_emprendedor, hora_inicio, hora_fin, id_estado, fecha_inicio, fecha_fin) values (21, 'Tetramolopium filiforme Sherff', 'Fusce posuere felis sed lacus. Morbi sem mauris, laoreet ut, rhoncus aliquet, pulvinar sed, nisl. Nunc rhoncus dui vel sem.', 5310.7283, 22, '3:11', '9:13', 3, '4/2/2021', '4/19/2021');
insert into proyecto (id_proyecto, nombre_proyecto, descripcion, monto_recaudar, id_emprendedor, hora_inicio, hora_fin, id_estado, fecha_inicio, fecha_fin) values (22, 'Arabis constancei Rollins', 'In hac habitasse platea dictumst. Etiam faucibus cursus urna. Ut tellus.', 4302.2359, 17, '18:26', '20:23', 2, '4/1/2021', '4/3/2021');
insert into proyecto (id_proyecto, nombre_proyecto, descripcion, monto_recaudar, id_emprendedor, hora_inicio, hora_fin, id_estado, fecha_inicio, fecha_fin) values (23, 'Tephrosia onobrychoides Nutt.', 'Donec diam neque, vestibulum eget, vulputate ut, ultrices vel, augue. Vestibulum ante ipsum primis in faucibus orci luctus et ultrices posuere cubilia Curae; Donec pharetra, magna vestibulum aliquet ultrices, erat tortor sollicitudin mi, sit amet lobortis sapien sapien non mi. Integer ac neque.', 8495.2194, 11, '0:19', '8:16', 1, '4/13/2021', '4/6/2021');
insert into proyecto (id_proyecto, nombre_proyecto, descripcion, monto_recaudar, id_emprendedor, hora_inicio, hora_fin, id_estado, fecha_inicio, fecha_fin) values (24, 'Potamogeton pulcher Tuck.', 'Proin eu mi. Nulla ac enim. In tempor, turpis nec euismod scelerisque, quam turpis adipiscing lorem, vitae mattis nibh ligula nec sem.', 1627.6595, 3, '9:55', '1:45', 2, '4/13/2021', '4/5/2021');
insert into proyecto (id_proyecto, nombre_proyecto, descripcion, monto_recaudar, id_emprendedor, hora_inicio, hora_fin, id_estado, fecha_inicio, fecha_fin) values (25, 'Acourtia wrightii (A. Gray) Reveal & R.M. King', 'Cras non velit nec nisi vulputate nonummy. Maecenas tincidunt lacus at velit. Vivamus vel nulla eget eros elementum pellentesque.', 5319.8513, 24, '9:31', '10:45', 3, '4/14/2021', '4/19/2021');
insert into proyecto (id_proyecto, nombre_proyecto, descripcion, monto_recaudar, id_emprendedor, hora_inicio, hora_fin, id_estado, fecha_inicio, fecha_fin) values (26, 'Tillandsia fasciculata Sw. var. densispica Mez', 'Sed ante. Vivamus tortor. Duis mattis egestas metus.', 7986.6038, 14, '21:04', '15:55', 3, '4/10/2021', '4/14/2021');
insert into proyecto (id_proyecto, nombre_proyecto, descripcion, monto_recaudar, id_emprendedor, hora_inicio, hora_fin, id_estado, fecha_inicio, fecha_fin) values (27, 'Quercus emoryi Torr.', 'Pellentesque at nulla. Suspendisse potenti. Cras in purus eu magna vulputate luctus.', 9580.2744, 1, '5:59', '19:56', 2, '4/14/2021', '4/11/2021');
insert into proyecto (id_proyecto, nombre_proyecto, descripcion, monto_recaudar, id_emprendedor, hora_inicio, hora_fin, id_estado, fecha_inicio, fecha_fin) values (28, 'Oxytropis borealis DC.', 'In hac habitasse platea dictumst. Morbi vestibulum, velit id pretium iaculis, diam erat fermentum justo, nec condimentum neque sapien placerat ante. Nulla justo.', 6781.52, 21, '10:10', '1:00', 2, '4/12/2021', '4/7/2021');
insert into proyecto (id_proyecto, nombre_proyecto, descripcion, monto_recaudar, id_emprendedor, hora_inicio, hora_fin, id_estado, fecha_inicio, fecha_fin) values (29, 'Campylium hispidulum (Brid.) Mitt.', 'Nulla ut erat id mauris vulputate elementum. Nullam varius. Nulla facilisi.', 6215.0042, 13, '9:25', '23:40', 2, '4/17/2021', '4/10/2021');
insert into proyecto (id_proyecto, nombre_proyecto, descripcion, monto_recaudar, id_emprendedor, hora_inicio, hora_fin, id_estado, fecha_inicio, fecha_fin) values (30, 'Hypnum procerrimum Molendo', 'Maecenas ut massa quis augue luctus tincidunt. Nulla mollis molestie lorem. Quisque ut erat.', 7493.9222, 21, '9:05', '13:49', 3, '4/9/2021', '4/11/2021');
insert into proyecto (id_proyecto, nombre_proyecto, descripcion, monto_recaudar, id_emprendedor, hora_inicio, hora_fin, id_estado, fecha_inicio, fecha_fin) values (31, 'Digitaria cruciata (Nees ex Steud.) A. Camus', 'Maecenas tristique, est et tempus semper, est quam pharetra magna, ac consequat metus sapien ut nunc. Vestibulum ante ipsum primis in faucibus orci luctus et ultrices posuere cubilia Curae; Mauris viverra diam vitae quam. Suspendisse potenti.', 6062.235, 9, '10:26', '12:20', 1, '4/1/2021', '4/16/2021');
insert into proyecto (id_proyecto, nombre_proyecto, descripcion, monto_recaudar, id_emprendedor, hora_inicio, hora_fin, id_estado, fecha_inicio, fecha_fin) values (32, 'Erysimum inconspicuum (S. Watson) MacMill. var. inconspicuum', 'Duis bibendum. Morbi non quam nec dui luctus rutrum. Nulla tellus.', 3499.7568, 22, '9:17', '20:37', 3, '4/18/2021', '4/12/2021');
insert into proyecto (id_proyecto, nombre_proyecto, descripcion, monto_recaudar, id_emprendedor, hora_inicio, hora_fin, id_estado, fecha_inicio, fecha_fin) values (33, 'Seligeria acutifolia Lindb.', 'Aenean fermentum. Donec ut mauris eget massa tempor convallis. Nulla neque libero, convallis eget, eleifend luctus, ultricies eu, nibh.', 8920.1799, 6, '23:28', '13:27', 2, '4/11/2021', '4/5/2021');
insert into proyecto (id_proyecto, nombre_proyecto, descripcion, monto_recaudar, id_emprendedor, hora_inicio, hora_fin, id_estado, fecha_inicio, fecha_fin) values (34, 'Coleanthus Seidel', 'Donec diam neque, vestibulum eget, vulputate ut, ultrices vel, augue. Vestibulum ante ipsum primis in faucibus orci luctus et ultrices posuere cubilia Curae; Donec pharetra, magna vestibulum aliquet ultrices, erat tortor sollicitudin mi, sit amet lobortis sapien sapien non mi. Integer ac neque.', 9618.1907, 24, '2:48', '1:46', 1, '4/2/2021', '4/6/2021');
insert into proyecto (id_proyecto, nombre_proyecto, descripcion, monto_recaudar, id_emprendedor, hora_inicio, hora_fin, id_estado, fecha_inicio, fecha_fin) values (35, 'Stigmaphyllon A. Juss.', 'Sed sagittis. Nam congue, risus semper porta volutpat, quam pede lobortis ligula, sit amet eleifend pede libero quis orci. Nullam molestie nibh in lectus.', 1648.8871, 29, '17:56', '14:36', 1, '4/7/2021', '4/3/2021');
insert into proyecto (id_proyecto, nombre_proyecto, descripcion, monto_recaudar, id_emprendedor, hora_inicio, hora_fin, id_estado, fecha_inicio, fecha_fin) values (36, 'Monardella Benth.', 'Mauris enim leo, rhoncus sed, vestibulum sit amet, cursus id, turpis. Integer aliquet, massa id lobortis convallis, tortor risus dapibus augue, vel accumsan tellus nisi eu orci. Mauris lacinia sapien quis libero.', 2925.5561, 7, '2:51', '2:51', 2, '4/19/2021', '4/3/2021');
insert into proyecto (id_proyecto, nombre_proyecto, descripcion, monto_recaudar, id_emprendedor, hora_inicio, hora_fin, id_estado, fecha_inicio, fecha_fin) values (37, 'Harmonia doris-nilesiae (T.W. Nelson & J.P. Nelson) B.G. Baldw.', 'In congue. Etiam justo. Etiam pretium iaculis justo.', 4061.2859, 27, '7:04', '16:50', 2, '4/11/2021', '4/7/2021');
insert into proyecto (id_proyecto, nombre_proyecto, descripcion, monto_recaudar, id_emprendedor, hora_inicio, hora_fin, id_estado, fecha_inicio, fecha_fin) values (38, 'Eriogonum pyrolifolium Hook. var. pyrolifolium', 'In sagittis dui vel nisl. Duis ac nibh. Fusce lacus purus, aliquet at, feugiat non, pretium quis, lectus.', 5754.9981, 18, '0:49', '22:12', 2, '4/2/2021', '4/9/2021');
insert into proyecto (id_proyecto, nombre_proyecto, descripcion, monto_recaudar, id_emprendedor, hora_inicio, hora_fin, id_estado, fecha_inicio, fecha_fin) values (39, 'Mimulus nanus Hook. & Arn. var. nanus (A.L. Grant) D. M. Thomps.', 'Duis consequat dui nec nisi volutpat eleifend. Donec ut dolor. Morbi vel lectus in quam fringilla rhoncus.', 1785.8981, 7, '13:07', '21:15', 1, '4/4/2021', '4/11/2021');
insert into proyecto (id_proyecto, nombre_proyecto, descripcion, monto_recaudar, id_emprendedor, hora_inicio, hora_fin, id_estado, fecha_inicio, fecha_fin) values (40, 'Echinochloa P. Beauv.', 'Curabitur in libero ut massa volutpat convallis. Morbi odio odio, elementum eu, interdum eu, tincidunt in, leo. Maecenas pulvinar lobortis est.', 7819.015, 3, '21:00', '15:17', 2, '4/18/2021', '4/15/2021');
insert into proyecto (id_proyecto, nombre_proyecto, descripcion, monto_recaudar, id_emprendedor, hora_inicio, hora_fin, id_estado, fecha_inicio, fecha_fin) values (41, 'Physalis philadelphica Lam.', 'Nullam porttitor lacus at turpis. Donec posuere metus vitae ipsum. Aliquam non mauris.', 7674.3685, 13, '10:07', '3:12', 2, '4/11/2021', '4/17/2021');
insert into proyecto (id_proyecto, nombre_proyecto, descripcion, monto_recaudar, id_emprendedor, hora_inicio, hora_fin, id_estado, fecha_inicio, fecha_fin) values (42, 'Cestrum diurnum L.', 'Sed sagittis. Nam congue, risus semper porta volutpat, quam pede lobortis ligula, sit amet eleifend pede libero quis orci. Nullam molestie nibh in lectus.', 1658.3106, 25, '10:58', '11:34', 3, '4/3/2021', '4/8/2021');
insert into proyecto (id_proyecto, nombre_proyecto, descripcion, monto_recaudar, id_emprendedor, hora_inicio, hora_fin, id_estado, fecha_inicio, fecha_fin) values (43, 'Bruchia carolinae Austin', 'Duis bibendum. Morbi non quam nec dui luctus rutrum. Nulla tellus.', 1391.5505, 28, '8:26', '23:17', 1, '4/7/2021', '4/19/2021');
insert into proyecto (id_proyecto, nombre_proyecto, descripcion, monto_recaudar, id_emprendedor, hora_inicio, hora_fin, id_estado, fecha_inicio, fecha_fin) values (44, 'Dryopetalon runcinatum A. Gray', 'Cras mi pede, malesuada in, imperdiet et, commodo vulputate, justo. In blandit ultrices enim. Lorem ipsum dolor sit amet, consectetuer adipiscing elit.', 9416.4327, 9, '18:18', '13:36', 1, '4/15/2021', '4/17/2021');
insert into proyecto (id_proyecto, nombre_proyecto, descripcion, monto_recaudar, id_emprendedor, hora_inicio, hora_fin, id_estado, fecha_inicio, fecha_fin) values (45, 'Ilex cornuta Lindl. & Paxton', 'Cras mi pede, malesuada in, imperdiet et, commodo vulputate, justo. In blandit ultrices enim. Lorem ipsum dolor sit amet, consectetuer adipiscing elit.', 8219.1879, 26, '1:29', '0:21', 3, '4/2/2021', '4/15/2021');
insert into proyecto (id_proyecto, nombre_proyecto, descripcion, monto_recaudar, id_emprendedor, hora_inicio, hora_fin, id_estado, fecha_inicio, fecha_fin) values (46, 'Heterotheca sessiliflora (Nutt.) Shinners', 'Aenean lectus. Pellentesque eget nunc. Donec quis orci eget orci vehicula condimentum.', 3496.3634, 10, '21:23', '2:02', 1, '4/7/2021', '4/15/2021');
insert into proyecto (id_proyecto, nombre_proyecto, descripcion, monto_recaudar, id_emprendedor, hora_inicio, hora_fin, id_estado, fecha_inicio, fecha_fin) values (47, 'Mimosa microphylla Dryand.', 'In sagittis dui vel nisl. Duis ac nibh. Fusce lacus purus, aliquet at, feugiat non, pretium quis, lectus.', 6158.2767, 23, '7:41', '2:55', 2, '4/9/2021', '4/19/2021');
insert into proyecto (id_proyecto, nombre_proyecto, descripcion, monto_recaudar, id_emprendedor, hora_inicio, hora_fin, id_estado, fecha_inicio, fecha_fin) values (48, 'Micrandra minor Benth.', 'Praesent id massa id nisl venenatis lacinia. Aenean sit amet justo. Morbi ut odio.', 3082.3026, 21, '18:19', '22:35', 2, '4/14/2021', '4/11/2021');
insert into proyecto (id_proyecto, nombre_proyecto, descripcion, monto_recaudar, id_emprendedor, hora_inicio, hora_fin, id_estado, fecha_inicio, fecha_fin) values (49, 'Stenogyne kanehoana O. Deg. & Sherff', 'Aenean fermentum. Donec ut mauris eget massa tempor convallis. Nulla neque libero, convallis eget, eleifend luctus, ultricies eu, nibh.', 9116.8781, 28, '6:28', '6:01', 3, '4/13/2021', '4/18/2021');
insert into proyecto (id_proyecto, nombre_proyecto, descripcion, monto_recaudar, id_emprendedor, hora_inicio, hora_fin, id_estado, fecha_inicio, fecha_fin) values (50, 'Cladonia cryptochlorophaea Asah.', 'Curabitur in libero ut massa volutpat convallis. Morbi odio odio, elementum eu, interdum eu, tincidunt in, leo. Maecenas pulvinar lobortis est.', 1185.7562, 23, '4:05', '18:19', 1, '4/9/2021', '4/4/2021');
insert into proyecto (id_proyecto, nombre_proyecto, descripcion, monto_recaudar, id_emprendedor, hora_inicio, hora_fin, id_estado, fecha_inicio, fecha_fin) values (51, 'Sericocarpus oregonensis Nutt.', 'In hac habitasse platea dictumst. Etiam faucibus cursus urna. Ut tellus.', 6787.8299, 19, '17:00', '23:56', 3, '4/10/2021', '4/1/2021');
insert into proyecto (id_proyecto, nombre_proyecto, descripcion, monto_recaudar, id_emprendedor, hora_inicio, hora_fin, id_estado, fecha_inicio, fecha_fin) values (52, 'Oenothera fruticosa L. ssp. tetragona (Roth) W.L. Wagner', 'Maecenas leo odio, condimentum id, luctus nec, molestie sed, justo. Pellentesque viverra pede ac diam. Cras pellentesque volutpat dui.', 9751.9768, 17, '21:07', '9:18', 1, '4/7/2021', '4/18/2021');
insert into proyecto (id_proyecto, nombre_proyecto, descripcion, monto_recaudar, id_emprendedor, hora_inicio, hora_fin, id_estado, fecha_inicio, fecha_fin) values (53, 'Oxytheca Nutt.', 'Fusce consequat. Nulla nisl. Nunc nisl.', 4886.2095, 26, '5:02', '6:22', 1, '4/4/2021', '4/5/2021');
insert into proyecto (id_proyecto, nombre_proyecto, descripcion, monto_recaudar, id_emprendedor, hora_inicio, hora_fin, id_estado, fecha_inicio, fecha_fin) values (54, 'Parmotrema perforatum (Jacq.) A. Massal.', 'Fusce posuere felis sed lacus. Morbi sem mauris, laoreet ut, rhoncus aliquet, pulvinar sed, nisl. Nunc rhoncus dui vel sem.', 5534.6883, 8, '5:35', '22:37', 2, '4/8/2021', '4/7/2021');
insert into proyecto (id_proyecto, nombre_proyecto, descripcion, monto_recaudar, id_emprendedor, hora_inicio, hora_fin, id_estado, fecha_inicio, fecha_fin) values (55, 'Leontodon taraxacoides (Vill.) Mrat ssp. taraxacoides', 'Vestibulum ac est lacinia nisi venenatis tristique. Fusce congue, diam id ornare imperdiet, sapien urna pretium nisl, ut volutpat sapien arcu sed augue. Aliquam erat volutpat.', 1769.7522, 29, '11:33', '16:53', 2, '4/1/2021', '4/5/2021');
insert into proyecto (id_proyecto, nombre_proyecto, descripcion, monto_recaudar, id_emprendedor, hora_inicio, hora_fin, id_estado, fecha_inicio, fecha_fin) values (56, 'Vernonia angustifolia Michx. ssp. angustifolia', 'Duis bibendum, felis sed interdum venenatis, turpis enim blandit mi, in porttitor pede justo eu massa. Donec dapibus. Duis at velit eu est congue elementum.', 9568.5247, 14, '5:08', '10:49', 3, '4/1/2021', '4/10/2021');
insert into proyecto (id_proyecto, nombre_proyecto, descripcion, monto_recaudar, id_emprendedor, hora_inicio, hora_fin, id_estado, fecha_inicio, fecha_fin) values (57, 'Akebia pentaphylla (Makino) Makino', 'Aenean fermentum. Donec ut mauris eget massa tempor convallis. Nulla neque libero, convallis eget, eleifend luctus, ultricies eu, nibh.', 1363.4325, 5, '20:23', '6:21', 3, '4/5/2021', '4/12/2021');
insert into proyecto (id_proyecto, nombre_proyecto, descripcion, monto_recaudar, id_emprendedor, hora_inicio, hora_fin, id_estado, fecha_inicio, fecha_fin) values (58, 'Solanum aethiopicum L.', 'Pellentesque at nulla. Suspendisse potenti. Cras in purus eu magna vulputate luctus.', 3267.756, 20, '18:49', '11:10', 1, '4/13/2021', '4/1/2021');
insert into proyecto (id_proyecto, nombre_proyecto, descripcion, monto_recaudar, id_emprendedor, hora_inicio, hora_fin, id_estado, fecha_inicio, fecha_fin) values (59, 'Juncus tracyi Rydb.', 'Duis bibendum, felis sed interdum venenatis, turpis enim blandit mi, in porttitor pede justo eu massa. Donec dapibus. Duis at velit eu est congue elementum.', 3093.0829, 1, '13:56', '3:18', 2, '4/10/2021', '4/1/2021');
insert into proyecto (id_proyecto, nombre_proyecto, descripcion, monto_recaudar, id_emprendedor, hora_inicio, hora_fin, id_estado, fecha_inicio, fecha_fin) values (60, 'Zanthoxylum punctatum Vahl', 'Nullam porttitor lacus at turpis. Donec posuere metus vitae ipsum. Aliquam non mauris.', 4381.4184, 23, '15:00', '20:57', 2, '4/11/2021', '4/13/2021');
insert into proyecto (id_proyecto, nombre_proyecto, descripcion, monto_recaudar, id_emprendedor, hora_inicio, hora_fin, id_estado, fecha_inicio, fecha_fin) values (61, 'Schiedea spergulina A. Gray var. leiopoda Sherff', 'Vestibulum ac est lacinia nisi venenatis tristique. Fusce congue, diam id ornare imperdiet, sapien urna pretium nisl, ut volutpat sapien arcu sed augue. Aliquam erat volutpat.', 8894.8283, 18, '2:04', '20:07', 3, '4/2/2021', '4/13/2021');
insert into proyecto (id_proyecto, nombre_proyecto, descripcion, monto_recaudar, id_emprendedor, hora_inicio, hora_fin, id_estado, fecha_inicio, fecha_fin) values (62, 'Salvinia herzogii de la Sota', 'Praesent id massa id nisl venenatis lacinia. Aenean sit amet justo. Morbi ut odio.', 8575.9236, 11, '14:14', '21:56', 2, '4/3/2021', '4/15/2021');
insert into proyecto (id_proyecto, nombre_proyecto, descripcion, monto_recaudar, id_emprendedor, hora_inicio, hora_fin, id_estado, fecha_inicio, fecha_fin) values (63, 'Perityle parryi A. Gray', 'Phasellus sit amet erat. Nulla tempus. Vivamus in felis eu sapien cursus vestibulum.', 4293.7093, 29, '1:27', '18:09', 2, '4/18/2021', '4/10/2021');
insert into proyecto (id_proyecto, nombre_proyecto, descripcion, monto_recaudar, id_emprendedor, hora_inicio, hora_fin, id_estado, fecha_inicio, fecha_fin) values (64, 'Dichelostemma multiflorum (Benth.) A. Heller', 'In hac habitasse platea dictumst. Morbi vestibulum, velit id pretium iaculis, diam erat fermentum justo, nec condimentum neque sapien placerat ante. Nulla justo.', 1080.511, 27, '1:27', '10:58', 3, '4/5/2021', '4/19/2021');
insert into proyecto (id_proyecto, nombre_proyecto, descripcion, monto_recaudar, id_emprendedor, hora_inicio, hora_fin, id_estado, fecha_inicio, fecha_fin) values (65, 'Atriplex phyllostegia (Torr. ex S. Watson) S. Watson', 'Maecenas tristique, est et tempus semper, est quam pharetra magna, ac consequat metus sapien ut nunc. Vestibulum ante ipsum primis in faucibus orci luctus et ultrices posuere cubilia Curae; Mauris viverra diam vitae quam. Suspendisse potenti.', 4134.887, 21, '10:08', '13:24', 3, '4/15/2021', '4/10/2021');
insert into proyecto (id_proyecto, nombre_proyecto, descripcion, monto_recaudar, id_emprendedor, hora_inicio, hora_fin, id_estado, fecha_inicio, fecha_fin) values (66, 'Kallstroemia grandiflora Torr. ex A. Gray', 'Maecenas leo odio, condimentum id, luctus nec, molestie sed, justo. Pellentesque viverra pede ac diam. Cras pellentesque volutpat dui.', 8181.6555, 28, '10:04', '5:19', 1, '4/3/2021', '4/8/2021');
insert into proyecto (id_proyecto, nombre_proyecto, descripcion, monto_recaudar, id_emprendedor, hora_inicio, hora_fin, id_estado, fecha_inicio, fecha_fin) values (67, 'Neptunia plena (L.) Benth.', 'Etiam vel augue. Vestibulum rutrum rutrum neque. Aenean auctor gravida sem.', 4239.9063, 29, '18:21', '10:23', 2, '4/9/2021', '4/18/2021');
insert into proyecto (id_proyecto, nombre_proyecto, descripcion, monto_recaudar, id_emprendedor, hora_inicio, hora_fin, id_estado, fecha_inicio, fecha_fin) values (68, 'Teliostachya alopecuroidea (Vahl) Nees', 'Nullam sit amet turpis elementum ligula vehicula consequat. Morbi a ipsum. Integer a nibh.', 6230.1844, 24, '0:33', '2:38', 1, '4/16/2021', '4/1/2021');
insert into proyecto (id_proyecto, nombre_proyecto, descripcion, monto_recaudar, id_emprendedor, hora_inicio, hora_fin, id_estado, fecha_inicio, fecha_fin) values (69, 'Echinodorus tenellus (Mart. ex Schult. f.) Buchenau', 'Pellentesque at nulla. Suspendisse potenti. Cras in purus eu magna vulputate luctus.', 2987.3575, 17, '2:17', '4:36', 2, '4/2/2021', '4/8/2021');
insert into proyecto (id_proyecto, nombre_proyecto, descripcion, monto_recaudar, id_emprendedor, hora_inicio, hora_fin, id_estado, fecha_inicio, fecha_fin) values (70, 'Calochortus minimus Ownbey', 'Praesent id massa id nisl venenatis lacinia. Aenean sit amet justo. Morbi ut odio.', 7560.0535, 19, '18:59', '0:37', 1, '4/5/2021', '4/1/2021');
insert into proyecto (id_proyecto, nombre_proyecto, descripcion, monto_recaudar, id_emprendedor, hora_inicio, hora_fin, id_estado, fecha_inicio, fecha_fin) values (71, 'Viola purpurea Kellogg ssp. quercetorum (M.S. Baker & J.C. Clausen) R.J. Little', 'Vestibulum ac est lacinia nisi venenatis tristique. Fusce congue, diam id ornare imperdiet, sapien urna pretium nisl, ut volutpat sapien arcu sed augue. Aliquam erat volutpat.', 4419.9508, 7, '16:55', '8:18', 1, '4/18/2021', '4/3/2021');
insert into proyecto (id_proyecto, nombre_proyecto, descripcion, monto_recaudar, id_emprendedor, hora_inicio, hora_fin, id_estado, fecha_inicio, fecha_fin) values (72, 'Crescentia linearifolia Miers', 'In sagittis dui vel nisl. Duis ac nibh. Fusce lacus purus, aliquet at, feugiat non, pretium quis, lectus.', 1945.0874, 30, '2:26', '23:30', 2, '4/7/2021', '4/7/2021');
insert into proyecto (id_proyecto, nombre_proyecto, descripcion, monto_recaudar, id_emprendedor, hora_inicio, hora_fin, id_estado, fecha_inicio, fecha_fin) values (73, 'Calystegia macrostegia (Greene) Brummitt ssp. intermedia (Abrams) Brummitt', 'Morbi porttitor lorem id ligula. Suspendisse ornare consequat lectus. In est risus, auctor sed, tristique in, tempus sit amet, sem.', 4052.9438, 18, '22:15', '9:37', 2, '4/12/2021', '4/6/2021');
insert into proyecto (id_proyecto, nombre_proyecto, descripcion, monto_recaudar, id_emprendedor, hora_inicio, hora_fin, id_estado, fecha_inicio, fecha_fin) values (74, 'Byssoloma tricholomum (Mont.) Zahlbr.', 'Maecenas ut massa quis augue luctus tincidunt. Nulla mollis molestie lorem. Quisque ut erat.', 6837.3413, 2, '9:14', '8:46', 1, '4/18/2021', '4/11/2021');
insert into proyecto (id_proyecto, nombre_proyecto, descripcion, monto_recaudar, id_emprendedor, hora_inicio, hora_fin, id_estado, fecha_inicio, fecha_fin) values (75, 'Monardella odoratissima Benth.', 'Duis aliquam convallis nunc. Proin at turpis a pede posuere nonummy. Integer non velit.', 2885.0736, 3, '16:02', '16:36', 3, '4/14/2021', '4/6/2021');
insert into proyecto (id_proyecto, nombre_proyecto, descripcion, monto_recaudar, id_emprendedor, hora_inicio, hora_fin, id_estado, fecha_inicio, fecha_fin) values (76, 'Atriplex corrugata S. Watson', 'Praesent id massa id nisl venenatis lacinia. Aenean sit amet justo. Morbi ut odio.', 4788.8608, 2, '21:33', '21:15', 1, '4/15/2021', '4/4/2021');
insert into proyecto (id_proyecto, nombre_proyecto, descripcion, monto_recaudar, id_emprendedor, hora_inicio, hora_fin, id_estado, fecha_inicio, fecha_fin) values (77, 'Malacothrix similis W.S. Davis & P.H. Raven', 'Sed sagittis. Nam congue, risus semper porta volutpat, quam pede lobortis ligula, sit amet eleifend pede libero quis orci. Nullam molestie nibh in lectus.', 3660.0, 23, '6:47', '3:50', 3, '4/9/2021', '4/9/2021');
insert into proyecto (id_proyecto, nombre_proyecto, descripcion, monto_recaudar, id_emprendedor, hora_inicio, hora_fin, id_estado, fecha_inicio, fecha_fin) values (78, 'Deinandra increscens (H.M. Hall ex D.D. Keck) B.G. Baldw. ssp. foliosa (Hoover) B.G. Baldw.', 'Fusce consequat. Nulla nisl. Nunc nisl.', 8284.6444, 22, '4:37', '13:42', 3, '4/5/2021', '4/19/2021');
insert into proyecto (id_proyecto, nombre_proyecto, descripcion, monto_recaudar, id_emprendedor, hora_inicio, hora_fin, id_estado, fecha_inicio, fecha_fin) values (79, 'Rubus plicatifolius Blanch.', 'Nam ultrices, libero non mattis pulvinar, nulla pede ullamcorper augue, a suscipit nulla elit ac nulla. Sed vel enim sit amet nunc viverra dapibus. Nulla suscipit ligula in lacus.', 9443.0166, 29, '9:43', '11:27', 1, '4/19/2021', '4/8/2021');
insert into proyecto (id_proyecto, nombre_proyecto, descripcion, monto_recaudar, id_emprendedor, hora_inicio, hora_fin, id_estado, fecha_inicio, fecha_fin) values (80, 'Trifolium andersonii A. Gray ssp. beatleyae J.M. Gillett', 'In sagittis dui vel nisl. Duis ac nibh. Fusce lacus purus, aliquet at, feugiat non, pretium quis, lectus.', 3336.47, 7, '17:54', '5:18', 2, '4/7/2021', '4/18/2021');
insert into proyecto (id_proyecto, nombre_proyecto, descripcion, monto_recaudar, id_emprendedor, hora_inicio, hora_fin, id_estado, fecha_inicio, fecha_fin) values (81, 'Baccharis thesioides Kunth', 'Curabitur at ipsum ac tellus semper interdum. Mauris ullamcorper purus sit amet nulla. Quisque arcu libero, rutrum ac, lobortis vel, dapibus at, diam.', 5815.9765, 7, '22:27', '8:11', 3, '4/8/2021', '4/6/2021');
insert into proyecto (id_proyecto, nombre_proyecto, descripcion, monto_recaudar, id_emprendedor, hora_inicio, hora_fin, id_estado, fecha_inicio, fecha_fin) values (82, 'Pinus quadrifolia Parl. ex Sudw.', 'Praesent id massa id nisl venenatis lacinia. Aenean sit amet justo. Morbi ut odio.', 4722.2181, 23, '8:06', '23:57', 1, '4/13/2021', '4/18/2021');
insert into proyecto (id_proyecto, nombre_proyecto, descripcion, monto_recaudar, id_emprendedor, hora_inicio, hora_fin, id_estado, fecha_inicio, fecha_fin) values (83, 'Verrucaria dacryodes Nyl.', 'Quisque id justo sit amet sapien dignissim vestibulum. Vestibulum ante ipsum primis in faucibus orci luctus et ultrices posuere cubilia Curae; Nulla dapibus dolor vel est. Donec odio justo, sollicitudin ut, suscipit a, feugiat et, eros.', 3278.1352, 25, '5:32', '18:40', 1, '4/16/2021', '4/10/2021');
insert into proyecto (id_proyecto, nombre_proyecto, descripcion, monto_recaudar, id_emprendedor, hora_inicio, hora_fin, id_estado, fecha_inicio, fecha_fin) values (84, 'Helenium microcephalum DC.', 'In congue. Etiam justo. Etiam pretium iaculis justo.', 2620.1298, 6, '0:59', '2:22', 2, '4/5/2021', '4/6/2021');
insert into proyecto (id_proyecto, nombre_proyecto, descripcion, monto_recaudar, id_emprendedor, hora_inicio, hora_fin, id_estado, fecha_inicio, fecha_fin) values (85, 'Monardella linoides A. Gray ssp. stricta (Parish) Epling', 'Nam ultrices, libero non mattis pulvinar, nulla pede ullamcorper augue, a suscipit nulla elit ac nulla. Sed vel enim sit amet nunc viverra dapibus. Nulla suscipit ligula in lacus.', 3208.9646, 1, '2:14', '23:02', 2, '4/4/2021', '4/9/2021');
insert into proyecto (id_proyecto, nombre_proyecto, descripcion, monto_recaudar, id_emprendedor, hora_inicio, hora_fin, id_estado, fecha_inicio, fecha_fin) values (86, 'Camptotheca Decne.', 'Sed sagittis. Nam congue, risus semper porta volutpat, quam pede lobortis ligula, sit amet eleifend pede libero quis orci. Nullam molestie nibh in lectus.', 2876.093, 10, '6:56', '21:44', 2, '4/6/2021', '4/9/2021');
insert into proyecto (id_proyecto, nombre_proyecto, descripcion, monto_recaudar, id_emprendedor, hora_inicio, hora_fin, id_estado, fecha_inicio, fecha_fin) values (87, 'Acanthospermum hispidum DC.', 'Integer ac leo. Pellentesque ultrices mattis odio. Donec vitae nisi.', 8644.5596, 13, '10:19', '21:21', 1, '4/17/2021', '4/1/2021');
insert into proyecto (id_proyecto, nombre_proyecto, descripcion, monto_recaudar, id_emprendedor, hora_inicio, hora_fin, id_estado, fecha_inicio, fecha_fin) values (88, 'Rhus aromatica Aiton var. serotina (Greene) Rehder', 'Duis bibendum. Morbi non quam nec dui luctus rutrum. Nulla tellus.', 1377.9094, 9, '13:06', '4:09', 2, '4/13/2021', '4/7/2021');
insert into proyecto (id_proyecto, nombre_proyecto, descripcion, monto_recaudar, id_emprendedor, hora_inicio, hora_fin, id_estado, fecha_inicio, fecha_fin) values (89, 'Calystegia R. Br.', 'Nam ultrices, libero non mattis pulvinar, nulla pede ullamcorper augue, a suscipit nulla elit ac nulla. Sed vel enim sit amet nunc viverra dapibus. Nulla suscipit ligula in lacus.', 2248.71, 12, '13:20', '17:04', 2, '4/8/2021', '4/13/2021');
insert into proyecto (id_proyecto, nombre_proyecto, descripcion, monto_recaudar, id_emprendedor, hora_inicio, hora_fin, id_estado, fecha_inicio, fecha_fin) values (90, 'Tibouchina longifolia (Vahl) Baill. ex Cogn.', 'Praesent id massa id nisl venenatis lacinia. Aenean sit amet justo. Morbi ut odio.', 6993.4479, 28, '5:59', '9:14', 3, '4/8/2021', '4/9/2021');
insert into proyecto (id_proyecto, nombre_proyecto, descripcion, monto_recaudar, id_emprendedor, hora_inicio, hora_fin, id_estado, fecha_inicio, fecha_fin) values (91, 'Prunus caroliniana Aiton', 'Suspendisse potenti. In eleifend quam a odio. In hac habitasse platea dictumst.', 7735.8346, 6, '22:54', '19:08', 3, '4/7/2021', '4/9/2021');
insert into proyecto (id_proyecto, nombre_proyecto, descripcion, monto_recaudar, id_emprendedor, hora_inicio, hora_fin, id_estado, fecha_inicio, fecha_fin) values (92, 'Hyacinthoides non-scripta (L.) Chouard ex Rothm.', 'Integer tincidunt ante vel ipsum. Praesent blandit lacinia erat. Vestibulum sed magna at nunc commodo placerat.', 8850.1722, 6, '0:48', '18:30', 2, '4/3/2021', '4/17/2021');
insert into proyecto (id_proyecto, nombre_proyecto, descripcion, monto_recaudar, id_emprendedor, hora_inicio, hora_fin, id_estado, fecha_inicio, fecha_fin) values (93, 'Phacelia howelliana N.D. Atwood', 'Duis aliquam convallis nunc. Proin at turpis a pede posuere nonummy. Integer non velit.', 3072.6465, 23, '23:35', '12:50', 3, '4/11/2021', '4/14/2021');
insert into proyecto (id_proyecto, nombre_proyecto, descripcion, monto_recaudar, id_emprendedor, hora_inicio, hora_fin, id_estado, fecha_inicio, fecha_fin) values (94, 'Hexastylis arifolia (Michx.) Small var. arifolia', 'In hac habitasse platea dictumst. Morbi vestibulum, velit id pretium iaculis, diam erat fermentum justo, nec condimentum neque sapien placerat ante. Nulla justo.', 8728.9713, 4, '6:51', '17:54', 3, '4/5/2021', '4/12/2021');
insert into proyecto (id_proyecto, nombre_proyecto, descripcion, monto_recaudar, id_emprendedor, hora_inicio, hora_fin, id_estado, fecha_inicio, fecha_fin) values (95, 'Lysimachia pendens Marr', 'Phasellus in felis. Donec semper sapien a libero. Nam dui.', 8207.2436, 28, '22:35', '5:55', 2, '4/2/2021', '4/11/2021');
insert into proyecto (id_proyecto, nombre_proyecto, descripcion, monto_recaudar, id_emprendedor, hora_inicio, hora_fin, id_estado, fecha_inicio, fecha_fin) values (96, 'Caloplaca quercicola H. Magn.', 'Curabitur gravida nisi at nibh. In hac habitasse platea dictumst. Aliquam augue quam, sollicitudin vitae, consectetuer eget, rutrum at, lorem.', 9563.7366, 23, '1:20', '3:13', 2, '4/13/2021', '4/10/2021');
insert into proyecto (id_proyecto, nombre_proyecto, descripcion, monto_recaudar, id_emprendedor, hora_inicio, hora_fin, id_estado, fecha_inicio, fecha_fin) values (97, 'Umbilicaria scholanderi (Llano) Krog', 'Maecenas tristique, est et tempus semper, est quam pharetra magna, ac consequat metus sapien ut nunc. Vestibulum ante ipsum primis in faucibus orci luctus et ultrices posuere cubilia Curae; Mauris viverra diam vitae quam. Suspendisse potenti.', 4778.4996, 27, '15:21', '20:37', 2, '4/16/2021', '4/8/2021');
insert into proyecto (id_proyecto, nombre_proyecto, descripcion, monto_recaudar, id_emprendedor, hora_inicio, hora_fin, id_estado, fecha_inicio, fecha_fin) values (98, 'Iris hexagona Walter var. flexicaulis (Small) R.C. Foster', 'Curabitur in libero ut massa volutpat convallis. Morbi odio odio, elementum eu, interdum eu, tincidunt in, leo. Maecenas pulvinar lobortis est.', 6341.1081, 3, '20:49', '0:06', 1, '4/7/2021', '4/11/2021');
insert into proyecto (id_proyecto, nombre_proyecto, descripcion, monto_recaudar, id_emprendedor, hora_inicio, hora_fin, id_estado, fecha_inicio, fecha_fin) values (99, 'Leucobryum Hampe', 'Integer ac leo. Pellentesque ultrices mattis odio. Donec vitae nisi.', 8043.4315, 16, '5:00', '0:42', 3, '4/17/2021', '4/2/2021');
insert into proyecto (id_proyecto, nombre_proyecto, descripcion, monto_recaudar, id_emprendedor, hora_inicio, hora_fin, id_estado, fecha_inicio, fecha_fin) values (100, 'Stenogyne macrantha Benth.', 'Curabitur in libero ut massa volutpat convallis. Morbi odio odio, elementum eu, interdum eu, tincidunt in, leo. Maecenas pulvinar lobortis est.', 1291.7689, 10, '16:50', '20:26', 2, '4/14/2021', '4/7/2021');
-- donacion
insert into donacion (id_donacion, id_proyecto, id_donador, fecha_donacion, monto, hora) values (1, 4, 7, '4/6/2021', 1991.5421, '9:00');
insert into donacion (id_donacion, id_proyecto, id_donador, fecha_donacion, monto, hora) values (2, 14, 13, '4/9/2021', 1391.6174, '13:39');
insert into donacion (id_donacion, id_proyecto, id_donador, fecha_donacion, monto, hora) values (3, 2, 6, '4/17/2021', 1273.4522, '2:49');
insert into donacion (id_donacion, id_proyecto, id_donador, fecha_donacion, monto, hora) values (4, 11, 12, '4/9/2021', 1837.5157, '6:58');
insert into donacion (id_donacion, id_proyecto, id_donador, fecha_donacion, monto, hora) values (5, 48, 14, '4/3/2021', 951.8861, '21:51');
insert into donacion (id_donacion, id_proyecto, id_donador, fecha_donacion, monto, hora) values (6, 46, 6, '4/3/2021', 119.009, '1:07');
insert into donacion (id_donacion, id_proyecto, id_donador, fecha_donacion, monto, hora) values (7, 32, 9, '4/10/2021', 125.3358, '21:56');
insert into donacion (id_donacion, id_proyecto, id_donador, fecha_donacion, monto, hora) values (8, 47, 6, '4/5/2021', 584.4375, '14:50');
insert into donacion (id_donacion, id_proyecto, id_donador, fecha_donacion, monto, hora) values (9, 11, 20, '4/6/2021', 179.2625, '13:38');
insert into donacion (id_donacion, id_proyecto, id_donador, fecha_donacion, monto, hora) values (10, 44, 25, '4/6/2021', 1509.3868, '4:37');
insert into donacion (id_donacion, id_proyecto, id_donador, fecha_donacion, monto, hora) values (11, 32, 27, '4/10/2021', 279.2339, '9:21');
insert into donacion (id_donacion, id_proyecto, id_donador, fecha_donacion, monto, hora) values (12, 9, 24, '4/19/2021', 1715.7071, '1:08');
insert into donacion (id_donacion, id_proyecto, id_donador, fecha_donacion, monto, hora) values (13, 6, 1, '4/5/2021', 918.5662, '23:17');
insert into donacion (id_donacion, id_proyecto, id_donador, fecha_donacion, monto, hora) values (14, 15, 25, '4/8/2021', 1121.0232, '15:19');
insert into donacion (id_donacion, id_proyecto, id_donador, fecha_donacion, monto, hora) values (15, 25, 14, '4/11/2021', 1735.1384, '14:46');
insert into donacion (id_donacion, id_proyecto, id_donador, fecha_donacion, monto, hora) values (16, 11, 20, '4/2/2021', 191.9949, '18:35');
insert into donacion (id_donacion, id_proyecto, id_donador, fecha_donacion, monto, hora) values (17, 33, 18, '4/11/2021', 945.4221, '1:24');
insert into donacion (id_donacion, id_proyecto, id_donador, fecha_donacion, monto, hora) values (18, 1, 11, '4/7/2021', 826.4421, '20:36');
insert into donacion (id_donacion, id_proyecto, id_donador, fecha_donacion, monto, hora) values (19, 12, 3, '4/9/2021', 1175.5839, '19:20');
insert into donacion (id_donacion, id_proyecto, id_donador, fecha_donacion, monto, hora) values (20, 14, 23, '4/8/2021', 1633.9553, '5:39');
insert into donacion (id_donacion, id_proyecto, id_donador, fecha_donacion, monto, hora) values (21, 13, 17, '4/6/2021', 443.2642, '4:33');
insert into donacion (id_donacion, id_proyecto, id_donador, fecha_donacion, monto, hora) values (22, 11, 24, '4/3/2021', 435.6508, '11:51');
insert into donacion (id_donacion, id_proyecto, id_donador, fecha_donacion, monto, hora) values (23, 29, 15, '4/8/2021', 24.5023, '11:22');
insert into donacion (id_donacion, id_proyecto, id_donador, fecha_donacion, monto, hora) values (24, 39, 27, '4/4/2021', 858.1712, '23:00');
insert into donacion (id_donacion, id_proyecto, id_donador, fecha_donacion, monto, hora) values (25, 24, 7, '4/8/2021', 809.0187, '16:57');
insert into donacion (id_donacion, id_proyecto, id_donador, fecha_donacion, monto, hora) values (26, 20, 15, '4/9/2021', 632.6095, '14:56');
insert into donacion (id_donacion, id_proyecto, id_donador, fecha_donacion, monto, hora) values (27, 50, 23, '4/11/2021', 1120.2884, '21:01');
insert into donacion (id_donacion, id_proyecto, id_donador, fecha_donacion, monto, hora) values (28, 32, 2, '4/2/2021', 1529.6296, '1:42');
insert into donacion (id_donacion, id_proyecto, id_donador, fecha_donacion, monto, hora) values (29, 7, 15, '4/13/2021', 179.7786, '5:00');
insert into donacion (id_donacion, id_proyecto, id_donador, fecha_donacion, monto, hora) values (30, 9, 22, '4/2/2021', 265.0864, '19:23');
insert into donacion (id_donacion, id_proyecto, id_donador, fecha_donacion, monto, hora) values (31, 10, 11, '4/2/2021', 506.4381, '16:32');
insert into donacion (id_donacion, id_proyecto, id_donador, fecha_donacion, monto, hora) values (32, 30, 6, '4/14/2021', 1414.564, '0:41');
insert into donacion (id_donacion, id_proyecto, id_donador, fecha_donacion, monto, hora) values (33, 44, 10, '4/19/2021', 1671.5441, '18:25');
insert into donacion (id_donacion, id_proyecto, id_donador, fecha_donacion, monto, hora) values (34, 25, 1, '4/5/2021', 562.3028, '5:58');
insert into donacion (id_donacion, id_proyecto, id_donador, fecha_donacion, monto, hora) values (35, 41, 14, '4/4/2021', 1451.7432, '19:36');
insert into donacion (id_donacion, id_proyecto, id_donador, fecha_donacion, monto, hora) values (36, 8, 19, '4/2/2021', 629.5782, '6:23');
insert into donacion (id_donacion, id_proyecto, id_donador, fecha_donacion, monto, hora) values (37, 45, 29, '4/9/2021', 1189.4137, '7:44');
insert into donacion (id_donacion, id_proyecto, id_donador, fecha_donacion, monto, hora) values (38, 15, 2, '4/8/2021', 1033.8764, '12:38');
insert into donacion (id_donacion, id_proyecto, id_donador, fecha_donacion, monto, hora) values (39, 38, 30, '4/15/2021', 549.2477, '22:03');
insert into donacion (id_donacion, id_proyecto, id_donador, fecha_donacion, monto, hora) values (40, 39, 14, '4/12/2021', 116.2751, '4:01');
insert into donacion (id_donacion, id_proyecto, id_donador, fecha_donacion, monto, hora) values (41, 9, 21, '4/8/2021', 425.4275, '13:20');
insert into donacion (id_donacion, id_proyecto, id_donador, fecha_donacion, monto, hora) values (42, 39, 28, '4/4/2021', 32.366, '4:50');
insert into donacion (id_donacion, id_proyecto, id_donador, fecha_donacion, monto, hora) values (43, 10, 27, '4/8/2021', 1041.8906, '10:16');
insert into donacion (id_donacion, id_proyecto, id_donador, fecha_donacion, monto, hora) values (44, 5, 30, '4/18/2021', 1295.4976, '8:18');
insert into donacion (id_donacion, id_proyecto, id_donador, fecha_donacion, monto, hora) values (45, 44, 22, '4/10/2021', 415.7483, '11:23');
insert into donacion (id_donacion, id_proyecto, id_donador, fecha_donacion, monto, hora) values (46, 18, 3, '4/1/2021', 1623.538, '16:53');
insert into donacion (id_donacion, id_proyecto, id_donador, fecha_donacion, monto, hora) values (47, 29, 22, '4/19/2021', 1079.2068, '2:37');
insert into donacion (id_donacion, id_proyecto, id_donador, fecha_donacion, monto, hora) values (48, 48, 4, '4/10/2021', 1161.3132, '10:17');
insert into donacion (id_donacion, id_proyecto, id_donador, fecha_donacion, monto, hora) values (49, 43, 7, '4/1/2021', 940.3912, '0:08');
insert into donacion (id_donacion, id_proyecto, id_donador, fecha_donacion, monto, hora) values (50, 7, 20, '4/12/2021', 440.5296, '23:05');
-- imagen-donacion
insert into imagen_proyecto (id_imagen, id_proyecto, descripcion) values (1, 1, 'Duis bibendum, felis sed interdum venenatis, turpis enim blandit mi, in porttitor pede justo eu massa. Donec dapibus. Duis at velit eu est congue elementum.');
insert into imagen_proyecto (id_imagen, id_proyecto, descripcion) values (2, 2, 'Lorem ipsum dolor sit amet, consectetuer adipiscing elit. Proin risus. Praesent lectus.');
insert into imagen_proyecto (id_imagen, id_proyecto, descripcion) values (3, 3, 'Mauris enim leo, rhoncus sed, vestibulum sit amet, cursus id, turpis. Integer aliquet, massa id lobortis convallis, tortor risus dapibus augue, vel accumsan tellus nisi eu orci. Mauris lacinia sapien quis libero.');
insert into imagen_proyecto (id_imagen, id_proyecto, descripcion) values (4, 4, 'Lorem ipsum dolor sit amet, consectetuer adipiscing elit. Proin risus. Praesent lectus.');
insert into imagen_proyecto (id_imagen, id_proyecto, descripcion) values (5, 5, 'Morbi porttitor lorem id ligula. Suspendisse ornare consequat lectus. In est risus, auctor sed, tristique in, tempus sit amet, sem.');
insert into imagen_proyecto (id_imagen, id_proyecto, descripcion) values (6, 6, 'Morbi porttitor lorem id ligula. Suspendisse ornare consequat lectus. In est risus, auctor sed, tristique in, tempus sit amet, sem.');
insert into imagen_proyecto (id_imagen, id_proyecto, descripcion) values (7, 7, 'In hac habitasse platea dictumst. Etiam faucibus cursus urna. Ut tellus.');
insert into imagen_proyecto (id_imagen, id_proyecto, descripcion) values (8, 8, 'Sed sagittis. Nam congue, risus semper porta volutpat, quam pede lobortis ligula, sit amet eleifend pede libero quis orci. Nullam molestie nibh in lectus.');
insert into imagen_proyecto (id_imagen, id_proyecto, descripcion) values (9, 9, 'Nullam sit amet turpis elementum ligula vehicula consequat. Morbi a ipsum. Integer a nibh.');
insert into imagen_proyecto (id_imagen, id_proyecto, descripcion) values (10, 10, 'Morbi porttitor lorem id ligula. Suspendisse ornare consequat lectus. In est risus, auctor sed, tristique in, tempus sit amet, sem.');
insert into imagen_proyecto (id_imagen, id_proyecto, descripcion) values (11, 11, 'Integer ac leo. Pellentesque ultrices mattis odio. Donec vitae nisi.');
insert into imagen_proyecto (id_imagen, id_proyecto, descripcion) values (12, 12, 'Phasellus sit amet erat. Nulla tempus. Vivamus in felis eu sapien cursus vestibulum.');
insert into imagen_proyecto (id_imagen, id_proyecto, descripcion) values (13, 13, 'Duis bibendum, felis sed interdum venenatis, turpis enim blandit mi, in porttitor pede justo eu massa. Donec dapibus. Duis at velit eu est congue elementum.');
insert into imagen_proyecto (id_imagen, id_proyecto, descripcion) values (14, 14, 'Vestibulum ac est lacinia nisi venenatis tristique. Fusce congue, diam id ornare imperdiet, sapien urna pretium nisl, ut volutpat sapien arcu sed augue. Aliquam erat volutpat.');
insert into imagen_proyecto (id_imagen, id_proyecto, descripcion) values (15, 15, 'Duis bibendum, felis sed interdum venenatis, turpis enim blandit mi, in porttitor pede justo eu massa. Donec dapibus. Duis at velit eu est congue elementum.');
insert into imagen_proyecto (id_imagen, id_proyecto, descripcion) values (16, 16, 'Praesent id massa id nisl venenatis lacinia. Aenean sit amet justo. Morbi ut odio.');
insert into imagen_proyecto (id_imagen, id_proyecto, descripcion) values (17, 17, 'Suspendisse potenti. In eleifend quam a odio. In hac habitasse platea dictumst.');
insert into imagen_proyecto (id_imagen, id_proyecto, descripcion) values (18, 18, 'Morbi non lectus. Aliquam sit amet diam in magna bibendum imperdiet. Nullam orci pede, venenatis non, sodales sed, tincidunt eu, felis.');
insert into imagen_proyecto (id_imagen, id_proyecto, descripcion) values (19, 19, 'Proin leo odio, porttitor id, consequat in, consequat ut, nulla. Sed accumsan felis. Ut at dolor quis odio consequat varius.');
insert into imagen_proyecto (id_imagen, id_proyecto, descripcion) values (20, 20, 'Morbi porttitor lorem id ligula. Suspendisse ornare consequat lectus. In est risus, auctor sed, tristique in, tempus sit amet, sem.');
